unitid,name,city,state,control,Institutional Classification,Student Access and Earnings Classification,Research Activity Designation,Award Level Focus,Academic Mix,Graduate Academic Program Mix,Size,Campus Setting,Highest Degree Awarded,Community Engagement,Leadership for Public Purpose
222178,"Abilene Christian University","Abilene","Texas","Private not-for-profit","Professions-focused Undergraduate/Graduate-Doctorate Medium","Lower Access, Medium Earnings","Research 2: High Research Spending and Doctorate Production","Undergraduate/Graduate-Doctorate","Professions-focused","Professions-focused","Medium","Highly residential","Doctorate","Not Classified","Not Classified"
200697,"Air Force Institute of Technology-Graduate School of Engineering & Management","Wright-Patterson AFB","Ohio","Public","Special Focus: Technology, Engineering, and Sciences","Not Classified","Research 2: High Research Spending and Doctorate Production","Graduate-focused","Special Focus: Technology, Engineering, and Sciences","Special Focus: Technology, Engineering, and Sciences","Small","Graduate-focused","Doctorate","Not Classified","Not Classified"
100654,"Alabama A & M University","Normal","Alabama","Public","Mixed Undergraduate/Graduate-Master's Large/Medium","Higher Access, Medium Earnings","Research Colleges and Universities","Undergraduate/Graduate-Master's","Mixed","Professions-focused","Medium","Primarily residential","Master's","Not Classified","Not Classified"
100724,"Alabama State University","Montgomery","Alabama","Public","Special Focus: Arts and Sciences","Higher Access, Medium Earnings","Research Colleges and Universities","Baccalaureate","Special Focus: Arts and Sciences","Professions-focused","Medium","Highly residential","Doctorate","Classified","Not Classified"
188526,"Albany College of Pharmacy and Health Sciences","Albany","New York","Private not-for-profit","Special Focus: Other Health Professions","Lower Access, Higher Earnings","Research Colleges and Universities","Undergraduate/Graduate-Doctorate","Special Focus: Other Health Professions","Special Focus: Other Health Professions","Small","Highly residential","Doctorate","Not Classified","Not Classified"
188580,"Albany Medical College","Albany","New York","Private not-for-profit","Special Focus: Medical Schools and Centers","Not Classified","Research Colleges and Universities","Graduate-focused","Special Focus: Medical Schools and Centers","Special Focus: Medical Schools and Centers","Small","Graduate-focused","Doctorate","Not Classified","Not Classified"
385415,"Albert Einstein College of Medicine","Bronx","New York","Private not-for-profit","Special Focus: Medical Schools and Centers","Not Classified","Research 2: High Research Spending and Doctorate Production","Graduate-focused","Special Focus: Medical Schools and Centers","Special Focus: Medical Schools and Centers","Small","Primarily online","Doctorate","Not Classified","Not Classified"
175342,"Alcorn State University","Alcorn State","Mississippi","Public","Special Focus: Arts and Sciences","Opportunity Colleges and Universities-Higher Access, Higher Earnings","Research Colleges and Universities","Baccalaureate","Special Focus: Arts and Sciences","Professions-focused","Small","Highly residential","Master's","Not Classified","Not Classified"
188641,"Alfred University","Alfred","New York","Private not-for-profit","Mixed Undergraduate/Graduate-Master's Small","Higher Access, Medium Earnings","Research Colleges and Universities","Undergraduate/Graduate-Master's","Mixed","Professions-focused","Small","Highly residential","Master's","Not Classified","Not Classified"
131159,"American University","Washington","District of Columbia","Private not-for-profit","Mixed Undergraduate/Graduate-Doctorate Medium","Lower Access, Higher Earnings","Research 1: Very High Research Spending and Doctorate Production","Undergraduate/Graduate-Doctorate","Mixed","Professions-focused","Medium","Highly residential","Doctorate","Not Classified","Not Classified"
164465,"Amherst College","Amherst","Massachusetts","Private not-for-profit","Special Focus: Arts and Sciences","Lower Access, Higher Earnings","Research Colleges and Universities","Baccalaureate","Special Focus: Arts and Sciences","N/A","Small","Highly residential","Bachelor's","Not Classified","Not Classified"
197869,"Appalachian State University","Boone","North Carolina","Public","Professions-focused Undergraduate/Graduate-Master's Large/Medium","Higher Access, Medium Earnings","Research 2: High Research Spending and Doctorate Production","Undergraduate/Graduate-Master's","Professions-focused","Professions-focused","Large","Primarily residential","Master's","Classified","Not Classified"
104151,"Arizona State University Campus Immersion","Tempe","Arizona","Public","Mixed Undergraduate/Graduate-Doctorate Large","Opportunity Colleges and Universities-Higher Access, Higher Earnings","Research 1: Very High Research Spending and Doctorate Production","Undergraduate/Graduate-Doctorate","Mixed","Professions-focused","Very Large","Residential","Doctorate","Classified","Classified"
106458,"Arkansas State University","Jonesboro","Arkansas","Public","Professions-focused Undergraduate/Graduate-Doctorate Medium","Higher Access, Medium Earnings","Research 2: High Research Spending and Doctorate Production","Undergraduate/Graduate-Doctorate","Professions-focused","Professions-focused","Medium","Residential","Doctorate","Not Classified","Not Classified"
100858,"Auburn University","Auburn","Alabama","Public","Professions-focused Undergraduate/Graduate-Doctorate Large","Lower Access, Higher Earnings","Research 1: Very High Research Spending and Doctorate Production","Undergraduate/Graduate-Doctorate","Professions-focused","Professions-focused","Large","Residential","Doctorate","Classified","Not Classified"
482149,"Augusta University","Augusta","Georgia","Public","Special Focus: Medical Schools and Centers","Not Classified","Research 2: High Research Spending and Doctorate Production","Undergraduate/Graduate-Doctorate","Professions-focused","Special Focus: Medical Schools and Centers","Medium","Residential","Doctorate","Classified","Not Classified"
219602,"Austin Peay State University","Clarksville","Tennessee","Public","Mixed Undergraduate/Graduate-Master's Large/Medium","Higher Access, Medium Earnings","Research Colleges and Universities","Undergraduate/Graduate-Master's","Mixed","Professions-focused","Medium","Residential","Master's","Not Classified","Not Classified"
109785,"Azusa Pacific University","Azusa","California","Private not-for-profit","Professions-focused Undergraduate/Graduate-Doctorate Medium","Opportunity Colleges and Universities-Higher Access, Higher Earnings","Research 2: High Research Spending and Doctorate Production","Undergraduate/Graduate-Doctorate","Professions-focused","Professions-focused","Medium","Highly residential","Doctorate","Not Classified","Not Classified"
150136,"Ball State University","Muncie","Indiana","Public","Professions-focused Undergraduate/Graduate-Doctorate Large","Opportunity Colleges and Universities-Higher Access, Higher Earnings","Research 2: High Research Spending and Doctorate Production","Undergraduate/Graduate-Doctorate","Professions-focused","Professions-focused","Large","Highly residential","Doctorate","Classified","Not Classified"
189097,"Barnard College","New York","New York","Private not-for-profit","Special Focus: Arts and Sciences","Lower Access, Higher Earnings","Research Colleges and Universities","Baccalaureate","Special Focus: Arts and Sciences","N/A","Small","Highly residential","Bachelor's","Not Classified","Not Classified"
223223,"Baylor College of Medicine","Houston","Texas","Private not-for-profit","Special Focus: Medical Schools and Centers","Not Classified","Research 1: Very High Research Spending and Doctorate Production","Graduate-focused","Special Focus: Medical Schools and Centers","Special Focus: Medical Schools and Centers","Small","Graduate-focused","Doctorate","Not Classified","Not Classified"
223232,"Baylor University","Waco","Texas","Private not-for-profit","Professions-focused Undergraduate/Graduate-Doctorate Large","Lower Access, Higher Earnings","Research 1: Very High Research Spending and Doctorate Production","Undergraduate/Graduate-Doctorate","Professions-focused","Professions-focused","Large","Primarily residential","Doctorate","Not Classified","Not Classified"
196079,"Binghamton University","Vestal","New York","Public","Mixed Undergraduate/Graduate-Doctorate Large","Lower Access, Higher Earnings","Research 1: Very High Research Spending and Doctorate Production","Undergraduate/Graduate-Doctorate","Mixed","Professions-focused","Large","Primarily residential","Doctorate","Classified","Not Classified"
110097,"Biola University","La Mirada","California","Private not-for-profit","Mixed Undergraduate/Graduate-Doctorate Medium","Lower Access, Medium Earnings","Research Colleges and Universities","Undergraduate/Graduate-Doctorate","Mixed","Professions-focused","Medium","Highly residential","Doctorate","Not Classified","Not Classified"
142115,"Boise State University","Boise","Idaho","Public","Professions-focused Undergraduate/Graduate-Master's Large/Medium","Lower Access, Medium Earnings","Research 2: High Research Spending and Doctorate Production","Undergraduate/Graduate-Master's","Professions-focused","Professions-focused","Large","Residential","Doctorate","Classified","Classified"
164924,"Boston College","Chestnut Hill","Massachusetts","Private not-for-profit","Mixed Undergraduate/Graduate-Doctorate Medium","Lower Access, Higher Earnings","Research 1: Very High Research Spending and Doctorate Production","Undergraduate/Graduate-Doctorate","Mixed","Professions-focused","Medium","Highly residential","Doctorate","Not Classified","Not Classified"
164988,"Boston University","Boston","Massachusetts","Private not-for-profit","Mixed Undergraduate/Graduate-Doctorate Large","Lower Access, Higher Earnings","Research 1: Very High Research Spending and Doctorate Production","Undergraduate/Graduate-Doctorate","Mixed","Professions-focused","Very Large","Highly residential","Doctorate","Not Classified","Not Classified"
161004,"Bowdoin College","Brunswick","Maine","Private not-for-profit","Special Focus: Arts and Sciences","Lower Access, Higher Earnings","Research Colleges and Universities","Baccalaureate","Special Focus: Arts and Sciences","N/A","Small","Highly residential","Bachelor's","Not Classified","Not Classified"
162007,"Bowie State University","Bowie","Maryland","Public","Professions-focused Undergraduate/Graduate-Master's Large/Medium","Higher Access, Medium Earnings","Research Colleges and Universities","Undergraduate/Graduate-Master's","Professions-focused","Professions-focused","Medium","Primarily residential","Master's","Not Classified","Not Classified"
201441,"Bowling Green State University-Main Campus","Bowling Green","Ohio","Public","Professions-focused Undergraduate/Graduate-Doctorate Large","Lower Access, Medium Earnings","Research 2: High Research Spending and Doctorate Production","Undergraduate/Graduate-Doctorate","Professions-focused","Professions-focused","Large","Primarily residential","Doctorate","Not Classified","Not Classified"
165015,"Brandeis University","Waltham","Massachusetts","Private not-for-profit","Mixed Undergraduate/Graduate-Doctorate Medium","Lower Access, Higher Earnings","Research 1: Very High Research Spending and Doctorate Production","Undergraduate/Graduate-Doctorate","Mixed","Mixed","Medium","Highly residential","Doctorate","Not Classified","Not Classified"
230038,"Brigham Young University","Provo","Utah","Private not-for-profit","Mixed Undergraduate/Graduate-Doctorate Large","Lower Access, Higher Earnings","Research 1: Very High Research Spending and Doctorate Production","Undergraduate/Graduate-Doctorate","Mixed","Professions-focused","Very Large","Residential","Doctorate","Not Classified","Not Classified"
217156,"Brown University","Providence","Rhode Island","Private not-for-profit","Mixed Undergraduate/Graduate-Doctorate Medium","Lower Access, Higher Earnings","Research 1: Very High Research Spending and Doctorate Production","Undergraduate/Graduate-Doctorate","Mixed","Mixed","Medium","Highly residential","Doctorate","Classified","Not Classified"
211273,"Bryn Mawr College","Bryn Mawr","Pennsylvania","Private not-for-profit","Special Focus: Arts and Sciences","Lower Access, Higher Earnings","Research Colleges and Universities","Baccalaureate","Special Focus: Arts and Sciences","Professions-focused","Small","Highly residential","Master's","Not Classified","Not Classified"
211291,"Bucknell University","Lewisburg","Pennsylvania","Private not-for-profit","Special Focus: Arts and Sciences","Lower Access, Higher Earnings","Research Colleges and Universities","Baccalaureate","Special Focus: Arts and Sciences","Special Focus: Arts and Sciences","Small","Highly residential","Bachelor's","Classified","Not Classified"
110404,"California Institute of Technology","Pasadena","California","Private not-for-profit","Special Focus: Technology, Engineering, and Sciences","Lower Access, Higher Earnings","Research 1: Very High Research Spending and Doctorate Production","Undergraduate/Graduate-Doctorate","Special Focus: Technology, Engineering, and Sciences","Special Focus: Technology, Engineering, and Sciences","Small","Highly residential","Doctorate","Not Classified","Not Classified"
110422,"California Polytechnic State University-San Luis Obispo","San Luis Obispo","California","Public","Mixed Undergraduate/Graduate-Master's Large/Medium","Lower Access, Higher Earnings","Research Colleges and Universities","Undergraduate/Graduate-Master's","Mixed","Mixed","Large","Primarily residential","Master's","Not Classified","Not Classified"
115755,"California State Polytechnic University-Humboldt","Arcata","California","Public","Special Focus: Arts and Sciences","Opportunity Colleges and Universities-Higher Access, Higher Earnings","Research Colleges and Universities","Baccalaureate","Special Focus: Arts and Sciences","Professions-focused","Medium","Primarily residential","Master's","Not Classified","Not Classified"
110529,"California State Polytechnic University-Pomona","Pomona","California","Public","Mixed Undergraduate/Graduate-Master's Large/Medium","Opportunity Colleges and Universities-Higher Access, Higher Earnings","Research 2: High Research Spending and Doctorate Production","Undergraduate/Graduate-Master's","Mixed","Professions-focused","Large","Residential","Master's","Not Classified","Not Classified"
110486,"California State University-Bakersfield","Bakersfield","California","Public","Mixed Undergraduate/Graduate-Master's Large/Medium","Opportunity Colleges and Universities-Higher Access, Higher Earnings","Research Colleges and Universities","Undergraduate/Graduate-Master's","Mixed","Professions-focused","Medium","Primarily non-residential","Master's","Not Classified","Not Classified"
441937,"California State University-Channel Islands","Camarillo","California","Public","Special Focus: Arts and Sciences","Opportunity Colleges and Universities-Higher Access, Higher Earnings","Research Colleges and Universities","Baccalaureate","Special Focus: Arts and Sciences","Professions-focused","Medium","Residential","Master's","Classified","Not Classified"
110538,"California State University-Chico","Chico","California","Public","Mixed Undergraduate/Graduate-Master's Large/Medium","Opportunity Colleges and Universities-Higher Access, Higher Earnings","Research Colleges and Universities","Undergraduate/Graduate-Master's","Mixed","Professions-focused","Medium","Residential","Master's","Classified","Not Classified"
110547,"California State University-Dominguez Hills","Carson","California","Public","Mixed Undergraduate/Graduate-Master's Large/Medium","Opportunity Colleges and Universities-Higher Access, Higher Earnings","Research Colleges and Universities","Undergraduate/Graduate-Master's","Mixed","Professions-focused","Medium","Primarily non-residential","Master's","Not Classified","Not Classified"
110574,"California State University-East Bay","Hayward","California","Public","Mixed Undergraduate/Graduate-Master's Large/Medium","Higher Access, Medium Earnings","Research Colleges and Universities","Undergraduate/Graduate-Master's","Mixed","Professions-focused","Medium","Residential","Master's","Not Classified","Not Classified"
110556,"California State University-Fresno","Fresno","California","Public","Mixed Undergraduate/Graduate-Master's Large/Medium","Opportunity Colleges and Universities-Higher Access, Higher Earnings","Research 2: High Research Spending and Doctorate Production","Undergraduate/Graduate-Master's","Mixed","Professions-focused","Large","Primarily non-residential","Doctorate","Classified","Classified"
110565,"California State University-Fullerton","Fullerton","California","Public","Mixed Undergraduate/Graduate-Master's Large/Medium","Higher Access, Medium Earnings","Research 2: High Research Spending and Doctorate Production","Undergraduate/Graduate-Master's","Mixed","Professions-focused","Very Large","Primarily non-residential","Doctorate","Not Classified","Not Classified"
110583,"California State University-Long Beach","Long Beach","California","Public","Mixed Undergraduate/Graduate-Master's Large/Medium","Opportunity Colleges and Universities-Higher Access, Higher Earnings","Research 2: High Research Spending and Doctorate Production","Undergraduate/Graduate-Master's","Mixed","Professions-focused","Very Large","Primarily non-residential","Doctorate","Not Classified","Not Classified"
110592,"California State University-Los Angeles","Los Angeles","California","Public","Mixed Undergraduate/Graduate-Master's Large/Medium","Opportunity Colleges and Universities-Higher Access, Higher Earnings","Research 2: High Research Spending and Doctorate Production","Undergraduate/Graduate-Master's","Mixed","Professions-focused","Large","Residential","Doctorate","Not Classified","Not Classified"
409698,"California State University-Monterey Bay","Seaside","California","Public","Mixed Undergraduate/Graduate-Master's Large/Medium","Opportunity Colleges and Universities-Higher Access, Higher Earnings","Research Colleges and Universities","Undergraduate/Graduate-Master's","Mixed","Professions-focused","Medium","Primarily residential","Master's","Classified","Not Classified"
110608,"California State University-Northridge","Northridge","California","Public","Mixed Undergraduate/Graduate-Master's Large/Medium","Higher Access, Medium Earnings","Research Colleges and Universities","Undergraduate/Graduate-Master's","Mixed","Professions-focused","Very Large","Primarily non-residential","Doctorate","Classified","Not Classified"
110617,"California State University-Sacramento","Sacramento","California","Public","Mixed Undergraduate/Graduate-Master's Large/Medium","Opportunity Colleges and Universities-Higher Access, Higher Earnings","Research 2: High Research Spending and Doctorate Production","Undergraduate/Graduate-Master's","Mixed","Professions-focused","Large","Residential","Doctorate","Classified","Not Classified"
110510,"California State University-San Bernardino","San Bernardino","California","Public","Mixed Undergraduate/Graduate-Master's Large/Medium","Opportunity Colleges and Universities-Higher Access, Higher Earnings","Research Colleges and Universities","Undergraduate/Graduate-Master's","Mixed","Professions-focused","Large","Primarily non-residential","Master's","Classified","Not Classified"
366711,"California State University-San Marcos","San Marcos","California","Public","Mixed Undergraduate/Graduate-Master's Large/Medium","Higher Access, Medium Earnings","Research Colleges and Universities","Undergraduate/Graduate-Master's","Mixed","Professions-focused","Medium","Residential","Master's","Classified","Not Classified"
169080,"Calvin University","Grand Rapids","Michigan","Private not-for-profit","Mixed Baccalaureate","Lower Access, Medium Earnings","Research Colleges and Universities","Baccalaureate","Mixed","Professions-focused","Small","Highly residential","Master's","Not Classified","Not Classified"
173258,"Carleton College","Northfield","Minnesota","Private not-for-profit","Special Focus: Arts and Sciences","Lower Access, Higher Earnings","Research Colleges and Universities","Baccalaureate","Special Focus: Arts and Sciences","N/A","Small","Highly residential","Bachelor's","Not Classified","Not Classified"
211440,"Carnegie Mellon University","Pittsburgh","Pennsylvania","Private not-for-profit","Special Focus: Technology, Engineering, and Sciences","Lower Access, Higher Earnings","Research 1: Very High Research Spending and Doctorate Production","Undergraduate/Graduate-Doctorate","Special Focus: Technology, Engineering, and Sciences","Special Focus: Technology, Engineering, and Sciences","Medium","Highly residential","Doctorate","Not Classified","Not Classified"
201645,"Case Western Reserve University","Cleveland","Ohio","Private not-for-profit","Mixed Undergraduate/Graduate-Doctorate Medium","Lower Access, Higher Earnings","Research 1: Very High Research Spending and Doctorate Production","Undergraduate/Graduate-Doctorate","Mixed","Professions-focused","Medium","Highly residential","Doctorate","Not Classified","Not Classified"
169248,"Central Michigan University","Mount Pleasant","Michigan","Public","Professions-focused Undergraduate/Graduate-Doctorate Medium","Opportunity Colleges and Universities-Higher Access, Higher Earnings","Research 2: High Research Spending and Doctorate Production","Undergraduate/Graduate-Doctorate","Professions-focused","Professions-focused","Medium","Primarily residential","Doctorate","Not Classified","Not Classified"
201690,"Central State University","Wilberforce","Ohio","Public","Professions-focused Baccalaureate Medium","Higher Access, Medium Earnings","Research Colleges and Universities","Baccalaureate","Professions-focused","Special Focus: Business","Medium","Online and on-campus learning","Bachelor's","Not Classified","Not Classified"
234827,"Central Washington University","Ellensburg","Washington","Public","Professions-focused Undergraduate/Graduate-Master's Large/Medium","Opportunity Colleges and Universities-Higher Access, Higher Earnings","Research Colleges and Universities","Undergraduate/Graduate-Master's","Professions-focused","Professions-focused","Medium","Residential","Master's","Not Classified","Not Classified"
111948,"Chapman University","Orange","California","Private not-for-profit","Mixed Undergraduate/Graduate-Doctorate Medium","Lower Access, Higher Earnings","Research 2: High Research Spending and Doctorate Production","Undergraduate/Graduate-Doctorate","Mixed","Professions-focused","Medium","Primarily residential","Doctorate","Not Classified","Not Classified"
111966,"Charles R Drew University of Medicine and Science","Los Angeles","California","Private not-for-profit","Special Focus: Medical Schools and Centers","Not Classified","Research Colleges and Universities","Graduate-focused","Special Focus: Medical Schools and Centers","Special Focus: Medical Schools and Centers","Small","Graduate-focused","Master's","Not Classified","Not Classified"
144005,"Chicago State University","Chicago","Illinois","Public","Mixed Undergraduate/Graduate-Doctorate Small","Higher Access, Medium Earnings","Research Colleges and Universities","Undergraduate/Graduate-Doctorate","Mixed","Professions-focused","Small","Residential","Doctorate","Not Classified","Not Classified"
231712,"Christopher Newport University","Newport News","Virginia","Public","Special Focus: Arts and Sciences","Lower Access, Medium Earnings","Research Colleges and Universities","Baccalaureate","Special Focus: Arts and Sciences","Professions-focused","Medium","Highly residential","Master's","Not Classified","Not Classified"
217864,"Citadel Military College of South Carolina","Charleston","South Carolina","Public","Professions-focused Undergraduate/Graduate-Master's Large/Medium","Lower Access, Higher Earnings","Research Colleges and Universities","Undergraduate/Graduate-Master's","Professions-focused","Professions-focused","Medium","Highly residential","Master's","Classified","Not Classified"
112251,"Claremont Graduate University","Claremont","California","Private not-for-profit","Special Focus: Graduate Studies","Not Classified","Research 2: High Research Spending and Doctorate Production","Graduate-focused","Special Focus: Graduate Studies","Mixed","Small","Graduate-focused","Doctorate","Not Classified","Not Classified"
112260,"Claremont McKenna College","Claremont","California","Private not-for-profit","Special Focus: Arts and Sciences","Lower Access, Higher Earnings","Research Colleges and Universities","Baccalaureate","Special Focus: Arts and Sciences","Special Focus: Business","Small","Highly residential","Bachelor's","Not Classified","Classified"
138947,"Clark Atlanta University","Atlanta","Georgia","Private not-for-profit","Professions-focused Undergraduate/Graduate-Doctorate Medium","Higher Access, Medium Earnings","Research 2: High Research Spending and Doctorate Production","Undergraduate/Graduate-Doctorate","Professions-focused","Professions-focused","Medium","Highly residential","Doctorate","Not Classified","Not Classified"
165334,"Clark University","Worcester","Massachusetts","Private not-for-profit","Mixed Undergraduate/Graduate-Doctorate Small","Lower Access, Medium Earnings","Research 2: High Research Spending and Doctorate Production","Undergraduate/Graduate-Doctorate","Mixed","Mixed","Small","Highly residential","Doctorate","Classified","Not Classified"
190044,"Clarkson University","Potsdam","New York","Private not-for-profit","Special Focus: Technology, Engineering, and Sciences","Lower Access, Higher Earnings","Research 2: High Research Spending and Doctorate Production","Undergraduate/Graduate-Doctorate","Special Focus: Technology, Engineering, and Sciences","Professions-focused","Medium","Highly residential","Doctorate","Not Classified","Not Classified"
217882,"Clemson University","Clemson","South Carolina","Public","Mixed Undergraduate/Graduate-Doctorate Large","Lower Access, Higher Earnings","Research 1: Very High Research Spending and Doctorate Production","Undergraduate/Graduate-Doctorate","Mixed","Professions-focused","Large","Primarily residential","Doctorate","Classified","Not Classified"
202134,"Cleveland State University","Cleveland","Ohio","Public","Professions-focused Undergraduate/Graduate-Doctorate Medium","Higher Access, Medium Earnings","Research 2: High Research Spending and Doctorate Production","Undergraduate/Graduate-Doctorate","Professions-focused","Professions-focused","Medium","Primarily non-residential","Doctorate","Not Classified","Not Classified"
218724,"Coastal Carolina University","Conway","South Carolina","Public","Professions-focused Undergraduate/Graduate-Master's Large/Medium","Lower Access, Medium Earnings","Research Colleges and Universities","Undergraduate/Graduate-Master's","Professions-focused","Professions-focused","Medium","Primarily residential","Master's","Classified","Not Classified"
161086,"Colby College","Waterville","Maine","Private not-for-profit","Special Focus: Arts and Sciences","Lower Access, Higher Earnings","Research Colleges and Universities","Baccalaureate","Special Focus: Arts and Sciences","N/A","Small","Highly residential","Bachelor's","Not Classified","Not Classified"
190099,"Colgate University","Hamilton","New York","Private not-for-profit","Special Focus: Arts and Sciences","Lower Access, Higher Earnings","Research Colleges and Universities","Baccalaureate","Special Focus: Arts and Sciences","Professions-focused","Small","Highly residential","Bachelor's","Classified","Not Classified"
217819,"College of Charleston","Charleston","South Carolina","Public","Mixed Undergraduate/Graduate-Master's Large/Medium","Lower Access, Medium Earnings","Research Colleges and Universities","Undergraduate/Graduate-Master's","Mixed","Professions-focused","Medium","Primarily residential","Master's","Not Classified","Not Classified"
190558,"College of Staten Island CUNY","Staten Island","New York","Public","Mixed Undergraduate/Graduate-Master's Large/Medium","Higher Access, Lower Earnings","Research Colleges and Universities","Undergraduate/Graduate-Master's","Mixed","Professions-focused","Medium","Primarily non-residential","Doctorate","Not Classified","Not Classified"
126678,"Colorado College","Colorado Springs","Colorado","Private not-for-profit","Special Focus: Arts and Sciences","Lower Access, Medium Earnings","Research Colleges and Universities","Baccalaureate","Special Focus: Arts and Sciences","Professions-focused","Small","Highly residential","Bachelor's","Not Classified","Not Classified"
126775,"Colorado School of Mines","Golden","Colorado","Public","Special Focus: Technology, Engineering, and Sciences","Lower Access, Higher Earnings","Research 1: Very High Research Spending and Doctorate Production","Undergraduate/Graduate-Doctorate","Special Focus: Technology, Engineering, and Sciences","Special Focus: Technology, Engineering, and Sciences","Medium","Primarily residential","Doctorate","Not Classified","Not Classified"
128106,"Colorado State University Pueblo","Pueblo","Colorado","Public","Professions-focused Baccalaureate Medium","Opportunity Colleges and Universities-Higher Access, Higher Earnings","Research Colleges and Universities","Baccalaureate","Professions-focused","Professions-focused","Medium","Residential","Master's","Not Classified","Not Classified"
126818,"Colorado State University-Fort Collins","Fort Collins","Colorado","Public","Mixed Undergraduate/Graduate-Doctorate Large","Lower Access, Medium Earnings","Research 1: Very High Research Spending and Doctorate Production","Undergraduate/Graduate-Doctorate","Mixed","Professions-focused","Large","Primarily residential","Doctorate","Classified","Not Classified"
190150,"Columbia University in the City of New York","New York","New York","Private not-for-profit","Mixed Undergraduate/Graduate-Doctorate Large","Lower Access, Higher Earnings","Research 1: Very High Research Spending and Doctorate Production","Undergraduate/Graduate-Doctorate","Mixed","Professions-focused","Large","Highly residential","Doctorate","Not Classified","Not Classified"
190415,"Cornell University","Ithaca","New York","Private not-for-profit","Mixed Undergraduate/Graduate-Doctorate Large","Lower Access, Higher Earnings","Research 1: Very High Research Spending and Doctorate Production","Undergraduate/Graduate-Doctorate","Mixed","Professions-focused","Large","Highly residential","Doctorate","Classified","Not Classified"
181002,"Creighton University","Omaha","Nebraska","Private not-for-profit","Professions-focused Undergraduate/Graduate-Doctorate Medium","Lower Access, Higher Earnings","Research 2: High Research Spending and Doctorate Production","Undergraduate/Graduate-Doctorate","Professions-focused","Special Focus: Medical Schools and Centers","Medium","Highly residential","Doctorate","Not Classified","Classified"
190512,"CUNY Bernard M Baruch College","New York","New York","Public","Special Focus: Business","Opportunity Colleges and Universities-Higher Access, Higher Earnings","Research Colleges and Universities","Undergraduate/Graduate-Master's","Special Focus: Business","Special Focus: Business","Large","Primarily non-residential","Master's","Not Classified","Not Classified"
190549,"CUNY Brooklyn College","Brooklyn","New York","Public","Mixed Undergraduate/Graduate-Master's Large/Medium","Higher Access, Medium Earnings","Research Colleges and Universities","Undergraduate/Graduate-Master's","Mixed","Professions-focused","Medium","Mostly full-time, not residential","Master's","Not Classified","Not Classified"
190567,"CUNY City College","New York","New York","Public","Mixed Undergraduate/Graduate-Doctorate Medium","Higher Access, Medium Earnings","Research 2: High Research Spending and Doctorate Production","Undergraduate/Graduate-Doctorate","Mixed","Professions-focused","Medium","Primarily non-residential","Doctorate","Not Classified","Not Classified"
190576,"CUNY Graduate School and University Center","New York","New York","Public","Professions-focused Undergraduate/Graduate-Doctorate Medium","Not Classified","Research 1: Very High Research Spending and Doctorate Production","Undergraduate/Graduate-Doctorate","Professions-focused","Mixed","Medium","Primarily online","Doctorate","Not Classified","Not Classified"
190594,"CUNY Hunter College","New York","New York","Public","Mixed Undergraduate/Graduate-Doctorate Large","Higher Access, Medium Earnings","Research 2: High Research Spending and Doctorate Production","Undergraduate/Graduate-Doctorate","Mixed","Professions-focused","Large","Primarily non-residential","Doctorate","Not Classified","Not Classified"
190600,"CUNY John Jay College of Criminal Justice","New York","New York","Public","Professions-focused Undergraduate/Graduate-Master's Large/Medium","Higher Access, Medium Earnings","Research Colleges and Universities","Undergraduate/Graduate-Master's","Professions-focused","Professions-focused","Medium","Mostly full-time, not residential","Master's","Not Classified","Not Classified"
190637,"CUNY Lehman College","Bronx","New York","Public","Professions-focused Undergraduate/Graduate-Master's Large/Medium","Opportunity Colleges and Universities-Higher Access, Higher Earnings","Research Colleges and Universities","Undergraduate/Graduate-Master's","Professions-focused","Professions-focused","Medium","Mostly full-time, not residential","Master's","Not Classified","Not Classified"
190655,"CUNY New York City College of Technology","Brooklyn","New York","Public","Professions-focused Baccalaureate Medium","Higher Access, Medium Earnings","Research Colleges and Universities","Baccalaureate","Professions-focused","N/A","Medium","Mostly full-time, not residential","Bachelor's","Not Classified","Not Classified"
190664,"CUNY Queens College","Queens","New York","Public","Mixed Undergraduate/Graduate-Master's Large/Medium","Higher Access, Medium Earnings","Research Colleges and Universities","Undergraduate/Graduate-Master's","Mixed","Professions-focused","Large","Primarily non-residential","Master's","Not Classified","Not Classified"
219082,"Dakota State University","Madison","South Dakota","Public","Professions-focused Undergraduate/Graduate-Master's Large/Medium","Lower Access, Medium Earnings","Research Colleges and Universities","Undergraduate/Graduate-Master's","Professions-focused","Special Focus: Technology, Engineering, and Sciences","Medium","Residential","Master's","Not Classified","Not Classified"
182670,"Dartmouth College","Hanover","New Hampshire","Private not-for-profit","Mixed Undergraduate/Graduate-Doctorate Medium","Lower Access, Higher Earnings","Research 1: Very High Research Spending and Doctorate Production","Undergraduate/Graduate-Doctorate","Mixed","Professions-focused","Medium","Highly residential","Doctorate","Not Classified","Not Classified"
198385,"Davidson College","Davidson","North Carolina","Private not-for-profit","Special Focus: Arts and Sciences","Lower Access, Higher Earnings","Research Colleges and Universities","Baccalaureate","Special Focus: Arts and Sciences","N/A","Small","Highly residential","Bachelor's","Classified","Not Classified"
130934,"Delaware State University","Dover","Delaware","Public","Professions-focused Undergraduate/Graduate-Master's Large/Medium","Higher Access, Medium Earnings","Research 2: High Research Spending and Doctorate Production","Undergraduate/Graduate-Master's","Professions-focused","Professions-focused","Medium","Highly residential","Doctorate","Not Classified","Not Classified"
144740,"DePaul University","Chicago","Illinois","Private not-for-profit","Professions-focused Undergraduate/Graduate-Doctorate Large","Opportunity Colleges and Universities-Higher Access, Higher Earnings","Research 2: High Research Spending and Doctorate Production","Undergraduate/Graduate-Doctorate","Professions-focused","Professions-focused","Large","Residential","Doctorate","Classified","Not Classified"
154156,"Des Moines University-Osteopathic Medical Center","West Des Moines","Iowa","Private not-for-profit","Special Focus: Medical Schools and Centers","Not Classified","Research Colleges and Universities","Graduate-focused","Special Focus: Medical Schools and Centers","Special Focus: Medical Schools and Centers","Small","Graduate-focused","Doctorate","Not Classified","Not Classified"
105297,"Dine College","Tsaile","Arizona","Public","Professions-focused Associate/Baccalaureate","Opportunity Colleges and Universities-Higher Access, Higher Earnings","Research Colleges and Universities","Associate/Baccalaureate","Professions-focused","N/A","Small","Online and on-campus learning","Bachelor's","Not Classified","Not Classified"
212054,"Drexel University","Philadelphia","Pennsylvania","Private not-for-profit","Professions-focused Undergraduate/Graduate-Doctorate Large","Lower Access, Higher Earnings","Research 1: Very High Research Spending and Doctorate Production","Undergraduate/Graduate-Doctorate","Professions-focused","Professions-focused","Large","Residential","Doctorate","Classified","Not Classified"
198419,"Duke University","Durham","North Carolina","Private not-for-profit","Mixed Undergraduate/Graduate-Doctorate Medium","Lower Access, Higher Earnings","Research 1: Very High Research Spending and Doctorate Production","Undergraduate/Graduate-Doctorate","Mixed","Professions-focused","Medium","Highly residential","Doctorate","Classified","Not Classified"
212106,"Duquesne University","Pittsburgh","Pennsylvania","Private not-for-profit","Professions-focused Undergraduate/Graduate-Doctorate Medium","Lower Access, Higher Earnings","Research 2: High Research Spending and Doctorate Production","Undergraduate/Graduate-Doctorate","Professions-focused","Professions-focused","Medium","Highly residential","Doctorate","Classified","Not Classified"
198464,"East Carolina University","Greenville","North Carolina","Public","Professions-focused Undergraduate/Graduate-Doctorate Large","Lower Access, Higher Earnings","Research 1: Very High Research Spending and Doctorate Production","Undergraduate/Graduate-Doctorate","Professions-focused","Professions-focused","Large","Residential","Doctorate","Classified","Classified"
212115,"East Stroudsburg University of Pennsylvania","East Stroudsburg","Pennsylvania","Public","Professions-focused Undergraduate/Graduate-Master's Large/Medium","Higher Access, Medium Earnings","Research Colleges and Universities","Undergraduate/Graduate-Master's","Professions-focused","Professions-focused","Medium","Highly residential","Master's","Not Classified","Not Classified"
220075,"East Tennessee State University","Johnson City","Tennessee","Public","Professions-focused Undergraduate/Graduate-Doctorate Medium","Higher Access, Medium Earnings","Research 2: High Research Spending and Doctorate Production","Undergraduate/Graduate-Doctorate","Professions-focused","Professions-focused","Medium","Primarily residential","Doctorate","Classified","Not Classified"
224554,"East Texas A&M University","Commerce","Texas","Public","Mixed Undergraduate/Graduate-Doctorate Medium","Higher Access, Medium Earnings","Research 2: High Research Spending and Doctorate Production","Undergraduate/Graduate-Doctorate","Mixed","Professions-focused","Medium","Residential","Doctorate","Not Classified","Not Classified"
169798,"Eastern Michigan University","Ypsilanti","Michigan","Public","Professions-focused Undergraduate/Graduate-Master's Large/Medium","Higher Access, Medium Earnings","Research 2: High Research Spending and Doctorate Production","Undergraduate/Graduate-Master's","Professions-focused","Professions-focused","Medium","Residential","Doctorate","Classified","Not Classified"
231970,"Eastern Virginia Medical School","Norfolk","Virginia","Public","Special Focus: Medical Schools and Centers","Not Classified","Research 2: High Research Spending and Doctorate Production","Graduate-focused","Special Focus: Medical Schools and Centers","Special Focus: Medical Schools and Centers","Small","Primarily online","Doctorate","Not Classified","Not Classified"
235097,"Eastern Washington University","Cheney","Washington","Public","Mixed Undergraduate/Graduate-Doctorate Medium","Opportunity Colleges and Universities-Higher Access, Higher Earnings","Research Colleges and Universities","Undergraduate/Graduate-Doctorate","Mixed","Professions-focused","Medium","Residential","Doctorate","Not Classified","Not Classified"
442806,"Edward Via College of Osteopathic Medicine","Blacksburg","Virginia","Private not-for-profit","Special Focus: Medical Schools and Centers","Not Classified","Research Colleges and Universities","Graduate-focused","Special Focus: Medical Schools and Centers","Special Focus: Medical Schools and Centers","Small","Graduate-focused","Doctorate","Not Classified","Not Classified"
198516,"Elon University","Elon","North Carolina","Private not-for-profit","Professions-focused Undergraduate/Graduate-Doctorate Medium","Lower Access, Higher Earnings","Research Colleges and Universities","Undergraduate/Graduate-Doctorate","Professions-focused","Professions-focused","Medium","Highly residential","Doctorate","Classified","Not Classified"
133553,"Embry-Riddle Aeronautical University-Daytona Beach","Daytona Beach","Florida","Private not-for-profit","Professions-focused Undergraduate/Graduate-Master's Large/Medium","Lower Access, Higher Earnings","Research 2: High Research Spending and Doctorate Production","Undergraduate/Graduate-Master's","Professions-focused","Special Focus: Technology, Engineering, and Sciences","Medium","Primarily residential","Doctorate","Not Classified","Not Classified"
139658,"Emory University","Atlanta","Georgia","Private not-for-profit","Mixed Undergraduate/Graduate-Doctorate Medium","Lower Access, Higher Earnings","Research 1: Very High Research Spending and Doctorate Production","Undergraduate/Graduate-Doctorate","Mixed","Professions-focused","Medium","Highly residential","Doctorate","Classified","Not Classified"
198543,"Fayetteville State University","Fayetteville","North Carolina","Public","Professions-focused Undergraduate/Graduate-Master's Large/Medium","Higher Access, Medium Earnings","Research Colleges and Universities","Undergraduate/Graduate-Master's","Professions-focused","Professions-focused","Medium","Residential","Master's","Not Classified","Not Classified"
220181,"Fisk University","Nashville","Tennessee","Private not-for-profit","Special Focus: Arts and Sciences","Higher Access, Medium Earnings","Research Colleges and Universities","Baccalaureate","Special Focus: Arts and Sciences","Special Focus: Arts and Sciences","Small","Highly residential","Bachelor's","Not Classified","Not Classified"
133650,"Florida Agricultural and Mechanical University","Tallahassee","Florida","Public","Professions-focused Undergraduate/Graduate-Doctorate Medium","Opportunity Colleges and Universities-Higher Access, Higher Earnings","Research 2: High Research Spending and Doctorate Production","Undergraduate/Graduate-Doctorate","Professions-focused","Professions-focused","Medium","Primarily residential","Doctorate","Not Classified","Not Classified"
133669,"Florida Atlantic University","Boca Raton","Florida","Public","Mixed Undergraduate/Graduate-Doctorate Large","Opportunity Colleges and Universities-Higher Access, Higher Earnings","Research 1: Very High Research Spending and Doctorate Production","Undergraduate/Graduate-Doctorate","Mixed","Professions-focused","Large","Residential","Doctorate","Classified","Not Classified"
433660,"Florida Gulf Coast University","Fort Myers","Florida","Public","Mixed Undergraduate/Graduate-Master's Large/Medium","Higher Access, Medium Earnings","Research Colleges and Universities","Undergraduate/Graduate-Master's","Mixed","Professions-focused","Medium","Residential","Doctorate","Classified","Not Classified"
133881,"Florida Institute of Technology","Melbourne","Florida","Private not-for-profit","Special Focus: Technology, Engineering, and Sciences","Lower Access, Medium Earnings","Research 2: High Research Spending and Doctorate Production","Undergraduate/Graduate-Doctorate","Special Focus: Technology, Engineering, and Sciences","Professions-focused","Medium","Highly residential","Doctorate","Not Classified","Not Classified"
133951,"Florida International University","Miami","Florida","Public","Mixed Undergraduate/Graduate-Doctorate Large","Opportunity Colleges and Universities-Higher Access, Higher Earnings","Research 1: Very High Research Spending and Doctorate Production","Undergraduate/Graduate-Doctorate","Mixed","Professions-focused","Very Large","Primarily non-residential","Doctorate","Classified","Classified"
134097,"Florida State University","Tallahassee","Florida","Public","Mixed Undergraduate/Graduate-Doctorate Large","Lower Access, Higher Earnings","Research 1: Very High Research Spending and Doctorate Production","Undergraduate/Graduate-Doctorate","Mixed","Professions-focused","Very Large","Residential","Doctorate","Classified","Not Classified"
191241,"Fordham University","Bronx","New York","Private not-for-profit","Mixed Undergraduate/Graduate-Doctorate Medium","Lower Access, Higher Earnings","Research 2: High Research Spending and Doctorate Production","Undergraduate/Graduate-Doctorate","Mixed","Professions-focused","Medium","Primarily residential","Doctorate","Not Classified","Not Classified"
127185,"Fort Lewis College","Durango","Colorado","Public","Special Focus: Arts and Sciences","Higher Access, Medium Earnings","Research Colleges and Universities","Baccalaureate","Special Focus: Arts and Sciences","Professions-focused","Small","Primarily residential","Bachelor's","Not Classified","Not Classified"
139719,"Fort Valley State University","Fort Valley","Georgia","Public","Special Focus: Arts and Sciences","Higher Access, Medium Earnings","Research Colleges and Universities","Baccalaureate","Special Focus: Arts and Sciences","Special Focus: Other Health Professions","Small","Highly residential","Master's","Not Classified","Not Classified"
212577,"Franklin and Marshall College","Lancaster","Pennsylvania","Private not-for-profit","Special Focus: Arts and Sciences","Lower Access, Higher Earnings","Research Colleges and Universities","Baccalaureate","Special Focus: Arts and Sciences","N/A","Small","Highly residential","Bachelor's","Not Classified","Not Classified"
131450,"Gallaudet University","Washington","District of Columbia","Private not-for-profit","Mixed Undergraduate/Graduate-Doctorate Small","Higher Access, Medium Earnings","Research Colleges and Universities","Undergraduate/Graduate-Doctorate","Mixed","Professions-focused","Small","Highly residential","Doctorate","Not Classified","Not Classified"
232186,"George Mason University","Fairfax","Virginia","Public","Mixed Undergraduate/Graduate-Doctorate Large","Opportunity Colleges and Universities-Higher Access, Higher Earnings","Research 1: Very High Research Spending and Doctorate Production","Undergraduate/Graduate-Doctorate","Mixed","Professions-focused","Very Large","Residential","Doctorate","Not Classified","Not Classified"
131469,"George Washington University","Washington","District of Columbia","Private not-for-profit","Mixed Undergraduate/Graduate-Doctorate Large","Lower Access, Higher Earnings","Research 1: Very High Research Spending and Doctorate Production","Undergraduate/Graduate-Doctorate","Mixed","Professions-focused","Large","Highly residential","Doctorate","Classified","Not Classified"
131496,"Georgetown University","Washington","District of Columbia","Private not-for-profit","Mixed Undergraduate/Graduate-Doctorate Large","Lower Access, Higher Earnings","Research 1: Very High Research Spending and Doctorate Production","Undergraduate/Graduate-Doctorate","Mixed","Professions-focused","Large","Highly residential","Doctorate","Not Classified","Not Classified"
139755,"Georgia Institute of Technology-Main Campus","Atlanta","Georgia","Public","Special Focus: Technology, Engineering, and Sciences","Lower Access, Higher Earnings","Research 1: Very High Research Spending and Doctorate Production","Undergraduate/Graduate-Doctorate","Special Focus: Technology, Engineering, and Sciences","Special Focus: Technology, Engineering, and Sciences","Very Large","Primarily residential","Doctorate","Not Classified","Not Classified"
139931,"Georgia Southern University","Statesboro","Georgia","Public","Professions-focused Undergraduate/Graduate-Doctorate Large","Higher Access, Medium Earnings","Research 2: High Research Spending and Doctorate Production","Undergraduate/Graduate-Doctorate","Professions-focused","Professions-focused","Large","Residential","Doctorate","Classified","Not Classified"
139940,"Georgia State University","Atlanta","Georgia","Public","Mixed Undergraduate/Graduate-Doctorate Large","Higher Access, Medium Earnings","Research 1: Very High Research Spending and Doctorate Production","Undergraduate/Graduate-Doctorate","Mixed","Professions-focused","Very Large","Residential","Doctorate","Not Classified","Not Classified"
170082,"Grand Valley State University","Allendale","Michigan","Public","Professions-focused Undergraduate/Graduate-Master's Large/Medium","Lower Access, Medium Earnings","Research Colleges and Universities","Undergraduate/Graduate-Master's","Professions-focused","Professions-focused","Large","Primarily residential","Doctorate","Classified","Not Classified"
153384,"Grinnell College","Grinnell","Iowa","Private not-for-profit","Special Focus: Arts and Sciences","Lower Access, Higher Earnings","Research Colleges and Universities","Baccalaureate","Special Focus: Arts and Sciences","N/A","Small","Highly residential","Bachelor's","Not Classified","Not Classified"
191515,"Hamilton College","Clinton","New York","Private not-for-profit","Special Focus: Arts and Sciences","Lower Access, Higher Earnings","Research Colleges and Universities","Baccalaureate","Special Focus: Arts and Sciences","N/A","Small","Highly residential","Bachelor's","Not Classified","Not Classified"
232265,"Hampton University","Hampton","Virginia","Private not-for-profit","Professions-focused Baccalaureate Medium","Opportunity Colleges and Universities-Higher Access, Higher Earnings","Research 2: High Research Spending and Doctorate Production","Baccalaureate","Professions-focused","Professions-focused","Medium","Highly residential","Doctorate","Not Classified","Not Classified"
166027,"Harvard University","Cambridge","Massachusetts","Private not-for-profit","Mixed Undergraduate/Graduate-Doctorate Large","Lower Access, Higher Earnings","Research 1: Very High Research Spending and Doctorate Production","Undergraduate/Graduate-Doctorate","Mixed","Professions-focused","Large","Highly residential","Doctorate","Not Classified","Not Classified"
115409,"Harvey Mudd College","Claremont","California","Private not-for-profit","Special Focus: Technology, Engineering, and Sciences","Lower Access, Higher Earnings","Research Colleges and Universities","Baccalaureate","Special Focus: Technology, Engineering, and Sciences","N/A","Small","Highly residential","Bachelor's","Not Classified","Not Classified"
212911,"Haverford College","Haverford","Pennsylvania","Private not-for-profit","Special Focus: Arts and Sciences","Lower Access, Higher Earnings","Research Colleges and Universities","Baccalaureate","Special Focus: Arts and Sciences","N/A","Small","Highly residential","Bachelor's","Not Classified","Not Classified"
141644,"Hawaii Pacific University","Honolulu","Hawaii","Private not-for-profit","Professions-focused Undergraduate/Graduate-Master's Large/Medium","Higher Access, Medium Earnings","Research Colleges and Universities","Undergraduate/Graduate-Master's","Professions-focused","Professions-focused","Medium","Residential","Master's","Not Classified","Not Classified"
485403,"High Tech High Graduate School of Education","San Diego","California","Private not-for-profit","Special Focus: Graduate Studies","Not Classified","Research Colleges and Universities","Graduate-focused","Special Focus: Graduate Studies","Professions-focused","Very Small","Graduate-focused","Master's","Not Classified","Not Classified"
191630,"Hobart William Smith Colleges","Geneva","New York","Private not-for-profit","Special Focus: Arts and Sciences","Lower Access, Higher Earnings","Research Colleges and Universities","Baccalaureate","Special Focus: Arts and Sciences","Special Focus: Business","Small","Highly residential","Bachelor's","Not Classified","Not Classified"
191649,"Hofstra University","Hempstead","New York","Private not-for-profit","Professions-focused Undergraduate/Graduate-Doctorate Medium","Lower Access, Higher Earnings","Research 2: High Research Spending and Doctorate Production","Undergraduate/Graduate-Doctorate","Professions-focused","Professions-focused","Medium","Highly residential","Doctorate","Not Classified","Not Classified"
170301,"Hope College","Holland","Michigan","Private not-for-profit","Mixed Baccalaureate","Lower Access, Medium Earnings","Research Colleges and Universities","Baccalaureate","Mixed","N/A","Small","Highly residential","Bachelor's","Not Classified","Not Classified"
131520,"Howard University","Washington","District of Columbia","Private not-for-profit","Mixed Undergraduate/Graduate-Doctorate Medium","Opportunity Colleges and Universities-Higher Access, Higher Earnings","Research 1: Very High Research Spending and Doctorate Production","Undergraduate/Graduate-Doctorate","Mixed","Professions-focused","Medium","Highly residential","Doctorate","Not Classified","Not Classified"
193405,"Icahn School of Medicine at Mount Sinai","New York","New York","Private not-for-profit","Special Focus: Medical Schools and Centers","Not Classified","Research 2: High Research Spending and Doctorate Production","Graduate-focused","Special Focus: Medical Schools and Centers","Special Focus: Medical Schools and Centers","Small","Primarily online","Doctorate","Not Classified","Not Classified"
142276,"Idaho State University","Pocatello","Idaho","Public","Professions-focused Undergraduate/Graduate-Doctorate Medium","Higher Access, Medium Earnings","Research 2: High Research Spending and Doctorate Production","Undergraduate/Graduate-Doctorate","Professions-focused","Special Focus: Other Health Professions","Medium","Residential","Doctorate","Not Classified","Not Classified"
145725,"Illinois Institute of Technology","Chicago","Illinois","Private not-for-profit","Special Focus: Technology, Engineering, and Sciences","Opportunity Colleges and Universities-Higher Access, Higher Earnings","Research 2: High Research Spending and Doctorate Production","Undergraduate/Graduate-Doctorate","Special Focus: Technology, Engineering, and Sciences","Special Focus: Technology, Engineering, and Sciences","Medium","Highly residential","Doctorate","Not Classified","Not Classified"
145813,"Illinois State University","Normal","Illinois","Public","Professions-focused Undergraduate/Graduate-Master's Large/Medium","Opportunity Colleges and Universities-Higher Access, Higher Earnings","Research 2: High Research Spending and Doctorate Production","Undergraduate/Graduate-Master's","Professions-focused","Professions-focused","Large","Primarily residential","Doctorate","Classified","Not Classified"
213020,"Indiana University of Pennsylvania-Main Campus","Indiana","Pennsylvania","Public","Professions-focused Undergraduate/Graduate-Doctorate Medium","Opportunity Colleges and Universities-Higher Access, Higher Earnings","Research 2: High Research Spending and Doctorate Production","Undergraduate/Graduate-Doctorate","Professions-focused","Professions-focused","Medium","Highly residential","Doctorate","Not Classified","Not Classified"
151351,"Indiana University-Bloomington","Bloomington","Indiana","Public","Professions-focused Undergraduate/Graduate-Doctorate Large","Lower Access, Higher Earnings","Research 1: Very High Research Spending and Doctorate Production","Undergraduate/Graduate-Doctorate","Professions-focused","Professions-focused","Very Large","Primarily residential","Doctorate","Classified","Not Classified"
151111,"Indiana University-Purdue University-Indianapolis","Indianapolis","Indiana","Public","Professions-focused Undergraduate/Graduate-Doctorate Large","Higher Access, Medium Earnings","Research 1: Very High Research Spending and Doctorate Production","Undergraduate/Graduate-Doctorate","Professions-focused","Professions-focused","Large","Residential","Doctorate","Classified","Not Classified"
153603,"Iowa State University","Ames","Iowa","Public","Mixed Undergraduate/Graduate-Doctorate Large","Lower Access, Medium Earnings","Research 1: Very High Research Spending and Doctorate Production","Undergraduate/Graduate-Doctorate","Mixed","Mixed","Large","Primarily residential","Doctorate","Not Classified","Not Classified"
175856,"Jackson State University","Jackson","Mississippi","Public","Mixed Undergraduate/Graduate-Doctorate Medium","Higher Access, Medium Earnings","Research 2: High Research Spending and Doctorate Production","Undergraduate/Graduate-Doctorate","Mixed","Professions-focused","Medium","Primarily residential","Doctorate","Not Classified","Not Classified"
232423,"James Madison University","Harrisonburg","Virginia","Public","Mixed Undergraduate/Graduate-Master's Large/Medium","Lower Access, Higher Earnings","Research 2: High Research Spending and Doctorate Production","Undergraduate/Graduate-Master's","Mixed","Professions-focused","Large","Primarily residential","Doctorate","Classified","Classified"
162928,"Johns Hopkins University","Baltimore","Maryland","Private not-for-profit","Mixed Undergraduate/Graduate-Doctorate Large","Lower Access, Higher Earnings","Research 1: Very High Research Spending and Doctorate Production","Undergraduate/Graduate-Doctorate","Mixed","Mixed","Large","Primarily residential","Doctorate","Not Classified","Not Classified"
155399,"Kansas State University","Manhattan","Kansas","Public","Professions-focused Undergraduate/Graduate-Doctorate Large","Lower Access, Medium Earnings","Research 1: Very High Research Spending and Doctorate Production","Undergraduate/Graduate-Doctorate","Professions-focused","Professions-focused","Large","Primarily residential","Doctorate","Classified","Not Classified"
185262,"Kean University","Union","New Jersey","Public","Professions-focused Undergraduate/Graduate-Master's Large/Medium","Higher Access, Medium Earnings","Research 2: High Research Spending and Doctorate Production","Undergraduate/Graduate-Master's","Professions-focused","Professions-focused","Medium","Residential","Doctorate","Not Classified","Not Classified"
440031,"Keck Graduate Institute","Claremont","California","Private not-for-profit","Special Focus: Technology, Engineering, and Sciences","Not Classified","Research Colleges and Universities","Graduate-focused","Special Focus: Technology, Engineering, and Sciences","Special Focus: Technology, Engineering, and Sciences","Small","Graduate-focused","Doctorate","Not Classified","Not Classified"
486840,"Kennesaw State University","Kennesaw","Georgia","Public","Mixed Undergraduate/Graduate-Master's Large/Medium","Not Classified","Research 2: High Research Spending and Doctorate Production","Undergraduate/Graduate-Master's","Mixed","Professions-focused","Very Large","Residential","Doctorate","Not Classified","Not Classified"
203517,"Kent State University at Kent","Kent","Ohio","Public","Professions-focused Undergraduate/Graduate-Doctorate Large","Higher Access, Medium Earnings","Research 1: Very High Research Spending and Doctorate Production","Undergraduate/Graduate-Doctorate","Professions-focused","Professions-focused","Large","Primarily residential","Doctorate","Not Classified","Not Classified"
157058,"Kentucky State University","Frankfort","Kentucky","Public","Professions-focused Baccalaureate Small","Higher Access, Medium Earnings","Research Colleges and Universities","Baccalaureate","Professions-focused","Professions-focused","Small","Highly residential","Bachelor's","Not Classified","Not Classified"
170639,"Lake Superior State University","Sault Ste Marie","Michigan","Public","Professions-focused Baccalaureate Small","Lower Access, Higher Earnings","Research Colleges and Universities","Baccalaureate","Professions-focused","N/A","Small","Highly residential","Bachelor's","Not Classified","Not Classified"
226091,"Lamar University","Beaumont","Texas","Public","Mixed Undergraduate/Graduate-Doctorate Large","Opportunity Colleges and Universities-Higher Access, Higher Earnings","Research 2: High Research Spending and Doctorate Production","Undergraduate/Graduate-Doctorate","Mixed","Professions-focused","Large","Residential","Doctorate","Not Classified","Not Classified"
207209,"Langston University","Langston","Oklahoma","Public","Professions-focused Baccalaureate Small","Higher Access, Medium Earnings","Research Colleges and Universities","Baccalaureate","Professions-focused","Special Focus: Other Health Professions","Small","Highly residential","Bachelor's","Not Classified","Not Classified"
170675,"Lawrence Technological University","Southfield","Michigan","Private not-for-profit","Special Focus: Technology, Engineering, and Sciences","Lower Access, Higher Earnings","Research Colleges and Universities","Undergraduate/Graduate-Master's","Special Focus: Technology, Engineering, and Sciences","Professions-focused","Small","Primarily residential","Master's","Not Classified","Not Classified"
213543,"Lehigh University","Bethlehem","Pennsylvania","Private not-for-profit","Mixed Undergraduate/Graduate-Doctorate Medium","Lower Access, Higher Earnings","Research 1: Very High Research Spending and Doctorate Production","Undergraduate/Graduate-Doctorate","Mixed","Mixed","Medium","Highly residential","Doctorate","Not Classified","Not Classified"
209056,"Lewis & Clark College","Portland","Oregon","Private not-for-profit","Mixed Undergraduate/Graduate-Doctorate Small","Lower Access, Medium Earnings","Research Colleges and Universities","Undergraduate/Graduate-Doctorate","Mixed","Special Focus: Law","Small","Highly residential","Doctorate","Not Classified","Not Classified"
177940,"Lincoln University","Jefferson City","Missouri","Public","Professions-focused Baccalaureate Small","Higher Access, Medium Earnings","Research Colleges and Universities","Baccalaureate","Professions-focused","Professions-focused","Small","Highly residential","Bachelor's","Not Classified","Not Classified"
117636,"Loma Linda University","Loma Linda","California","Private not-for-profit","Special Focus: Medical Schools and Centers","Not Classified","Research 2: High Research Spending and Doctorate Production","Undergraduate/Graduate-Doctorate","Special Focus: Medical Schools and Centers","Special Focus: Medical Schools and Centers","Medium","Graduate-focused","Doctorate","Classified","Not Classified"
192448,"Long Island University","Brookville","New York","Private not-for-profit","Special Focus: Other Health Professions","Opportunity Colleges and Universities-Higher Access, Higher Earnings","Research 2: High Research Spending and Doctorate Production","Undergraduate/Graduate-Doctorate","Special Focus: Other Health Professions","Professions-focused","Medium","Primarily residential","Doctorate","Not Classified","Not Classified"
159391,"Louisiana State University and Agricultural & Mechanical College","Baton Rouge","Louisiana","Public","Mixed Undergraduate/Graduate-Doctorate Large","Lower Access, Higher Earnings","Research 1: Very High Research Spending and Doctorate Production","Undergraduate/Graduate-Doctorate","Mixed","Professions-focused","Large","Primarily residential","Doctorate","Classified","Not Classified"
159373,"Louisiana State University Health Sciences Center-New Orleans","New Orleans","Louisiana","Public","Special Focus: Medical Schools and Centers","Not Classified","Research 2: High Research Spending and Doctorate Production","Undergraduate/Graduate-Doctorate","Special Focus: Medical Schools and Centers","Special Focus: Medical Schools and Centers","Small","Graduate-focused","Doctorate","Not Classified","Not Classified"
435000,"Louisiana State University Health Sciences Center-Shreveport","Shreveport","Louisiana","Public","Special Focus: Medical Schools and Centers","Not Classified","Research Colleges and Universities","Graduate-focused","Special Focus: Medical Schools and Centers","Special Focus: Medical Schools and Centers","Small","Mostly full-time, not residential","Doctorate","Not Classified","Not Classified"
159647,"Louisiana Tech University","Ruston","Louisiana","Public","Professions-focused Undergraduate/Graduate-Master's Large/Medium","Lower Access, Medium Earnings","Research 2: High Research Spending and Doctorate Production","Undergraduate/Graduate-Master's","Professions-focused","Professions-focused","Medium","Primarily residential","Doctorate","Not Classified","Not Classified"
117946,"Loyola Marymount University","Los Angeles","California","Private not-for-profit","Mixed Undergraduate/Graduate-Doctorate Medium","Lower Access, Higher Earnings","Research 2: High Research Spending and Doctorate Production","Undergraduate/Graduate-Doctorate","Mixed","Professions-focused","Medium","Primarily residential","Doctorate","Not Classified","Not Classified"
146719,"Loyola University Chicago","Chicago","Illinois","Private not-for-profit","Mixed Undergraduate/Graduate-Doctorate Medium","Lower Access, Higher Earnings","Research 1: Very High Research Spending and Doctorate Production","Undergraduate/Graduate-Doctorate","Mixed","Professions-focused","Medium","Primarily residential","Doctorate","Classified","Not Classified"
151786,"Marian University","Indianapolis","Indiana","Private not-for-profit","Special Focus: Medical Schools and Centers","Not Classified","Research Colleges and Universities","Undergraduate/Graduate-Doctorate","Special Focus: Medical Schools and Centers","Special Focus: Medical Schools and Centers","Medium","Graduate-focused","Doctorate","Not Classified","Not Classified"
239105,"Marquette University","Milwaukee","Wisconsin","Private not-for-profit","Mixed Undergraduate/Graduate-Doctorate Medium","Lower Access, Higher Earnings","Research 2: High Research Spending and Doctorate Production","Undergraduate/Graduate-Doctorate","Mixed","Special Focus: Medical Schools and Centers","Medium","Highly residential","Doctorate","Classified","Not Classified"
237525,"Marshall University","Huntington","West Virginia","Public","Professions-focused Undergraduate/Graduate-Doctorate Medium","Higher Access, Medium Earnings","Research 2: High Research Spending and Doctorate Production","Undergraduate/Graduate-Doctorate","Professions-focused","Professions-focused","Medium","Primarily residential","Doctorate","Not Classified","Not Classified"
232706,"Marymount University","Arlington","Virginia","Private not-for-profit","Professions-focused Undergraduate/Graduate-Doctorate Medium","Opportunity Colleges and Universities-Higher Access, Higher Earnings","Research Colleges and Universities","Undergraduate/Graduate-Doctorate","Professions-focused","Professions-focused","Medium","Highly residential","Doctorate","Not Classified","Not Classified"
166683,"Massachusetts Institute of Technology","Cambridge","Massachusetts","Private not-for-profit","Special Focus: Technology, Engineering, and Sciences","Lower Access, Higher Earnings","Research 1: Very High Research Spending and Doctorate Production","Undergraduate/Graduate-Doctorate","Special Focus: Technology, Engineering, and Sciences","Special Focus: Technology, Engineering, and Sciences","Medium","Highly residential","Doctorate","Not Classified","Not Classified"
239169,"Medical College of Wisconsin","Milwaukee","Wisconsin","Private not-for-profit","Special Focus: Medical Schools and Centers","Not Classified","Research 2: High Research Spending and Doctorate Production","Graduate-focused","Special Focus: Medical Schools and Centers","Special Focus: Medical Schools and Centers","Small","Graduate-focused","Doctorate","Classified","Not Classified"
218335,"Medical University of South Carolina","Charleston","South Carolina","Public","Special Focus: Medical Schools and Centers","Not Classified","Research 1: Very High Research Spending and Doctorate Production","Undergraduate/Graduate-Doctorate","Special Focus: Medical Schools and Centers","Special Focus: Medical Schools and Centers","Small","Graduate-focused","Doctorate","Not Classified","Not Classified"
220792,"Meharry Medical College","Nashville","Tennessee","Private not-for-profit","Special Focus: Medical Schools and Centers","Not Classified","Research Colleges and Universities","Graduate-focused","Special Focus: Medical Schools and Centers","Special Focus: Medical Schools and Centers","Small","Graduate-focused","Doctorate","Not Classified","Not Classified"
140447,"Mercer University","Macon","Georgia","Private not-for-profit","Mixed Undergraduate/Graduate-Doctorate Medium","Opportunity Colleges and Universities-Higher Access, Higher Earnings","Research 2: High Research Spending and Doctorate Production","Undergraduate/Graduate-Doctorate","Mixed","Professions-focused","Medium","Highly residential","Doctorate","Classified","Not Classified"
166869,"MGH Institute of Health Professions","Boston","Massachusetts","Private not-for-profit","Special Focus: Other Health Professions","Not Classified","Research Colleges and Universities","Undergraduate/Graduate-Doctorate","Special Focus: Nursing","Special Focus: Other Health Professions","Small","Some online learning","Doctorate","Not Classified","Not Classified"
204024,"Miami University-Oxford","Oxford","Ohio","Public","Professions-focused Undergraduate/Graduate-Master's Large/Medium","Lower Access, Medium Earnings","Research 2: High Research Spending and Doctorate Production","Undergraduate/Graduate-Master's","Professions-focused","Professions-focused","Large","Primarily residential","Doctorate","Not Classified","Not Classified"
171100,"Michigan State University","East Lansing","Michigan","Public","Mixed Undergraduate/Graduate-Doctorate Large","Lower Access, Higher Earnings","Research 1: Very High Research Spending and Doctorate Production","Undergraduate/Graduate-Doctorate","Mixed","Professions-focused","Very Large","Primarily residential","Doctorate","Classified","Not Classified"
171128,"Michigan Technological University","Houghton","Michigan","Public","Special Focus: Technology, Engineering, and Sciences","Lower Access, Higher Earnings","Research 1: Very High Research Spending and Doctorate Production","Undergraduate/Graduate-Doctorate","Special Focus: Technology, Engineering, and Sciences","Special Focus: Technology, Engineering, and Sciences","Medium","Highly residential","Doctorate","Not Classified","Not Classified"
220978,"Middle Tennessee State University","Murfreesboro","Tennessee","Public","Professions-focused Undergraduate/Graduate-Master's Large/Medium","Higher Access, Medium Earnings","Research 2: High Research Spending and Doctorate Production","Undergraduate/Graduate-Master's","Professions-focused","Professions-focused","Large","Residential","Doctorate","Not Classified","Not Classified"
230959,"Middlebury College","Middlebury","Vermont","Private not-for-profit","Special Focus: Arts and Sciences","Lower Access, Higher Earnings","Research Colleges and Universities","Baccalaureate","Special Focus: Arts and Sciences","Special Focus: Arts and Sciences","Medium","Highly residential","Master's","Classified","Not Classified"
143853,"Midwestern University-Downers Grove","Downers Grove","Illinois","Private not-for-profit","Special Focus: Medical Schools and Centers","Not Classified","Research Colleges and Universities","Graduate-focused","Special Focus: Medical Schools and Centers","Special Focus: Medical Schools and Centers","Small","Graduate-focused","Doctorate","Not Classified","Not Classified"
423643,"Midwestern University-Glendale","Glendale","Arizona","Private not-for-profit","Special Focus: Medical Schools and Centers","Not Classified","Research Colleges and Universities","Graduate-focused","Special Focus: Medical Schools and Centers","Special Focus: Medical Schools and Centers","Medium","Primarily online","Doctorate","Not Classified","Not Classified"
239318,"Milwaukee School of Engineering","Milwaukee","Wisconsin","Private not-for-profit","Special Focus: Technology, Engineering, and Sciences","Lower Access, Higher Earnings","Research Colleges and Universities","Baccalaureate","Special Focus: Technology, Engineering, and Sciences","Special Focus: Business","Small","Highly residential","Master's","Not Classified","Not Classified"
173920,"Minnesota State University-Mankato","Mankato","Minnesota","Public","Professions-focused Undergraduate/Graduate-Master's Large/Medium","Higher Access, Medium Earnings","Research Colleges and Universities","Undergraduate/Graduate-Master's","Professions-focused","Professions-focused","Medium","Residential","Doctorate","Not Classified","Not Classified"
176080,"Mississippi State University","Mississippi State","Mississippi","Public","Mixed Undergraduate/Graduate-Doctorate Large","Lower Access, Medium Earnings","Research 1: Very High Research Spending and Doctorate Production","Undergraduate/Graduate-Doctorate","Mixed","Professions-focused","Large","Primarily residential","Doctorate","Classified","Not Classified"
179566,"Missouri State University-Springfield","Springfield","Missouri","Public","Professions-focused Undergraduate/Graduate-Doctorate Large","Higher Access, Medium Earnings","Research Colleges and Universities","Undergraduate/Graduate-Doctorate","Professions-focused","Professions-focused","Large","Residential","Doctorate","Classified","Not Classified"
178411,"Missouri University of Science and Technology","Rolla","Missouri","Public","Special Focus: Technology, Engineering, and Sciences","Lower Access, Higher Earnings","Research 1: Very High Research Spending and Doctorate Production","Undergraduate/Graduate-Doctorate","Special Focus: Technology, Engineering, and Sciences","Special Focus: Technology, Engineering, and Sciences","Medium","Primarily residential","Doctorate","Not Classified","Not Classified"
185572,"Monmouth University","West Long Branch","New Jersey","Private not-for-profit","Professions-focused Undergraduate/Graduate-Doctorate Medium","Lower Access, Medium Earnings","Research Colleges and Universities","Undergraduate/Graduate-Doctorate","Professions-focused","Professions-focused","Medium","Highly residential","Doctorate","Not Classified","Not Classified"
180461,"Montana State University","Bozeman","Montana","Public","Mixed Undergraduate/Graduate-Doctorate Medium","Lower Access, Medium Earnings","Research 1: Very High Research Spending and Doctorate Production","Undergraduate/Graduate-Doctorate","Mixed","Professions-focused","Medium","Primarily residential","Doctorate","Classified","Not Classified"
180416,"Montana Technological University","Butte","Montana","Public","Special Focus: Technology, Engineering, and Sciences","Lower Access, Higher Earnings","Research Colleges and Universities","Baccalaureate","Special Focus: Technology, Engineering, and Sciences","Mixed","Small","Primarily residential","Master's","Not Classified","Not Classified"
185590,"Montclair State University","Montclair","New Jersey","Public","Mixed Undergraduate/Graduate-Doctorate Large","Higher Access, Medium Earnings","Research 2: High Research Spending and Doctorate Production","Undergraduate/Graduate-Doctorate","Mixed","Professions-focused","Large","Primarily residential","Doctorate","Classified","Classified"
157386,"Morehead State University","Morehead","Kentucky","Public","Professions-focused Undergraduate/Graduate-Master's Large/Medium","Higher Access, Medium Earnings","Research Colleges and Universities","Undergraduate/Graduate-Master's","Professions-focused","Professions-focused","Medium","Highly residential","Master's","Classified","Not Classified"
140553,"Morehouse College","Atlanta","Georgia","Private not-for-profit","Special Focus: Arts and Sciences","Opportunity Colleges and Universities-Higher Access, Higher Earnings","Research Colleges and Universities","Baccalaureate","Special Focus: Arts and Sciences","N/A","Small","Highly residential","Bachelor's","Not Classified","Not Classified"
140562,"Morehouse School of Medicine","Atlanta","Georgia","Private not-for-profit","Special Focus: Medical Schools and Centers","Not Classified","Research Colleges and Universities","Graduate-focused","Special Focus: Medical Schools and Centers","Special Focus: Medical Schools and Centers","Small","Graduate-focused","Doctorate","Classified","Not Classified"
163453,"Morgan State University","Baltimore","Maryland","Public","Mixed Undergraduate/Graduate-Master's Large/Medium","Higher Access, Medium Earnings","Research 2: High Research Spending and Doctorate Production","Undergraduate/Graduate-Master's","Mixed","Professions-focused","Medium","Primarily residential","Doctorate","Not Classified","Not Classified"
166939,"Mount Holyoke College","South Hadley","Massachusetts","Private not-for-profit","Special Focus: Arts and Sciences","Lower Access, Medium Earnings","Research Colleges and Universities","Baccalaureate","Special Focus: Arts and Sciences","Professions-focused","Small","Highly residential","Master's","Not Classified","Not Classified"
157401,"Murray State University","Murray","Kentucky","Public","Professions-focused Undergraduate/Graduate-Doctorate Medium","Lower Access, Medium Earnings","Research Colleges and Universities","Undergraduate/Graduate-Doctorate","Professions-focused","Professions-focused","Medium","Primarily residential","Doctorate","Not Classified","Not Classified"
119678,"Naval Postgraduate School","Monterey","California","Public","Special Focus: Graduate Studies","Not Classified","Research Colleges and Universities","Graduate-focused","Special Focus: Graduate Studies","Mixed","Small","Graduate-focused","Master's","Not Classified","Not Classified"
185828,"New Jersey Institute of Technology","Newark","New Jersey","Public","Special Focus: Technology, Engineering, and Sciences","Opportunity Colleges and Universities-Higher Access, Higher Earnings","Research 1: Very High Research Spending and Doctorate Production","Undergraduate/Graduate-Doctorate","Special Focus: Technology, Engineering, and Sciences","Special Focus: Technology, Engineering, and Sciences","Medium","Primarily residential","Doctorate","Not Classified","Not Classified"
187897,"New Mexico Highlands University","Las Vegas","New Mexico","Public","Professions-focused Undergraduate/Graduate-Master's Small","Higher Access, Medium Earnings","Research Colleges and Universities","Undergraduate/Graduate-Master's","Professions-focused","Professions-focused","Small","Residential","Master's","Not Classified","Not Classified"
187967,"New Mexico Institute of Mining and Technology","Socorro","New Mexico","Public","Special Focus: Technology, Engineering, and Sciences","Lower Access, Higher Earnings","Research Colleges and Universities","Undergraduate/Graduate-Master's","Special Focus: Technology, Engineering, and Sciences","Special Focus: Technology, Engineering, and Sciences","Small","Highly residential","Master's","Not Classified","Not Classified"
188030,"New Mexico State University-Main Campus","Las Cruces","New Mexico","Public","Mixed Undergraduate/Graduate-Doctorate Medium","Higher Access, Medium Earnings","Research 1: Very High Research Spending and Doctorate Production","Undergraduate/Graduate-Doctorate","Mixed","Professions-focused","Medium","Primarily residential","Doctorate","Classified","Not Classified"
194091,"New York Institute of Technology","Old Westbury","New York","Private not-for-profit","Mixed Undergraduate/Graduate-Doctorate Medium","Opportunity Colleges and Universities-Higher Access, Higher Earnings","Research Colleges and Universities","Undergraduate/Graduate-Doctorate","Mixed","Special Focus: Medical Schools and Centers","Medium","Primarily non-residential","Doctorate","Not Classified","Not Classified"
193830,"New York Medical College","Valhalla","New York","Private not-for-profit","Special Focus: Medical Schools and Centers","Not Classified","Research Colleges and Universities","Graduate-focused","Special Focus: Medical Schools and Centers","Special Focus: Medical Schools and Centers","Small","Primarily online","Doctorate","Not Classified","Not Classified"
193900,"New York University","New York","New York","Private not-for-profit","Mixed Undergraduate/Graduate-Doctorate Large","Lower Access, Higher Earnings","Research 1: Very High Research Spending and Doctorate Production","Undergraduate/Graduate-Doctorate","Mixed","Professions-focused","Very Large","Primarily residential","Doctorate","Classified","Not Classified"
232937,"Norfolk State University","Norfolk","Virginia","Public","Mixed Baccalaureate","Higher Access, Medium Earnings","Research Colleges and Universities","Baccalaureate","Mixed","Professions-focused","Medium","Primarily residential","Master's","Not Classified","Not Classified"
199102,"North Carolina A & T State University","Greensboro","North Carolina","Public","Mixed Undergraduate/Graduate-Master's Large/Medium","Higher Access, Medium Earnings","Research 2: High Research Spending and Doctorate Production","Undergraduate/Graduate-Master's","Mixed","Professions-focused","Medium","Primarily residential","Doctorate","Classified","Not Classified"
199157,"North Carolina Central University","Durham","North Carolina","Public","Mixed Undergraduate/Graduate-Doctorate Medium","Higher Access, Medium Earnings","Research Colleges and Universities","Undergraduate/Graduate-Doctorate","Mixed","Professions-focused","Medium","Highly residential","Doctorate","Classified","Not Classified"
199193,"North Carolina State University at Raleigh","Raleigh","North Carolina","Public","Mixed Undergraduate/Graduate-Doctorate Large","Lower Access, Higher Earnings","Research 1: Very High Research Spending and Doctorate Production","Undergraduate/Graduate-Doctorate","Mixed","Mixed","Very Large","Primarily residential","Doctorate","Classified","Not Classified"
200332,"North Dakota State University-Main Campus","Fargo","North Dakota","Public","Mixed Undergraduate/Graduate-Doctorate Medium","Lower Access, Medium Earnings","Research 1: Very High Research Spending and Doctorate Production","Undergraduate/Graduate-Doctorate","Mixed","Professions-focused","Medium","Highly residential","Doctorate","Not Classified","Not Classified"
204477,"Northeast Ohio Medical University","Rootstown","Ohio","Public","Special Focus: Medical Schools and Centers","Not Classified","Research Colleges and Universities","Graduate-focused","Special Focus: Medical Schools and Centers","Special Focus: Medical Schools and Centers","Small","Graduate-focused","Doctorate","Not Classified","Not Classified"
167358,"Northeastern University","Boston","Massachusetts","Private not-for-profit","Mixed Undergraduate/Graduate-Doctorate Large","Lower Access, Higher Earnings","Research 1: Very High Research Spending and Doctorate Production","Undergraduate/Graduate-Doctorate","Mixed","Special Focus: Technology, Engineering, and Sciences","Large","Highly residential","Doctorate","Classified","Not Classified"
105330,"Northern Arizona University","Flagstaff","Arizona","Public","Professions-focused Undergraduate/Graduate-Doctorate Large","Lower Access, Higher Earnings","Research 1: Very High Research Spending and Doctorate Production","Undergraduate/Graduate-Doctorate","Professions-focused","Professions-focused","Large","Primarily residential","Doctorate","Not Classified","Not Classified"
147703,"Northern Illinois University","Dekalb","Illinois","Public","Mixed Undergraduate/Graduate-Doctorate Medium","Higher Access, Medium Earnings","Research 2: High Research Spending and Doctorate Production","Undergraduate/Graduate-Doctorate","Mixed","Professions-focused","Medium","Primarily residential","Doctorate","Classified","Not Classified"
157447,"Northern Kentucky University","Highland Heights","Kentucky","Public","Professions-focused Undergraduate/Graduate-Doctorate Medium","Lower Access, Medium Earnings","Research Colleges and Universities","Undergraduate/Graduate-Doctorate","Professions-focused","Special Focus: Other Health Professions","Medium","Residential","Doctorate","Classified","Not Classified"
380377,"Northwest Indian College","Bellingham","Washington","Public","Mixed Associate/Baccalaureate","Higher Access, Medium Earnings","Research Colleges and Universities","Associate/Baccalaureate","Mixed","N/A","Small","Online and on-campus learning","Bachelor's","Not Classified","Not Classified"
147767,"Northwestern University","Evanston","Illinois","Private not-for-profit","Mixed Undergraduate/Graduate-Doctorate Large","Lower Access, Higher Earnings","Research 1: Very High Research Spending and Doctorate Production","Undergraduate/Graduate-Doctorate","Mixed","Professions-focused","Large","Primarily residential","Doctorate","Not Classified","Not Classified"
136215,"Nova Southeastern University","Fort Lauderdale","Florida","Private not-for-profit","Professions-focused Undergraduate/Graduate-Doctorate Large","Opportunity Colleges and Universities-Higher Access, Higher Earnings","Research 1: Very High Research Spending and Doctorate Production","Undergraduate/Graduate-Doctorate","Professions-focused","Professions-focused","Large","Primarily residential","Doctorate","Classified","Not Classified"
171571,"Oakland University","Rochester Hills","Michigan","Public","Professions-focused Undergraduate/Graduate-Doctorate Medium","Lower Access, Medium Earnings","Research 2: High Research Spending and Doctorate Production","Undergraduate/Graduate-Doctorate","Professions-focused","Professions-focused","Medium","Residential","Doctorate","Classified","Not Classified"
120254,"Occidental College","Los Angeles","California","Private not-for-profit","Special Focus: Arts and Sciences","Lower Access, Higher Earnings","Research Colleges and Universities","Baccalaureate","Special Focus: Arts and Sciences","N/A","Small","Highly residential","Bachelor's","Classified","Not Classified"
204796,"Ohio State University-Main Campus","Columbus","Ohio","Public","Mixed Undergraduate/Graduate-Doctorate Large","Lower Access, Higher Earnings","Research 1: Very High Research Spending and Doctorate Production","Undergraduate/Graduate-Doctorate","Mixed","Professions-focused","Very Large","Primarily residential","Doctorate","Classified","Not Classified"
204857,"Ohio University-Main Campus","Athens","Ohio","Public","Professions-focused Undergraduate/Graduate-Doctorate Large","Opportunity Colleges and Universities-Higher Access, Higher Earnings","Research 1: Very High Research Spending and Doctorate Production","Undergraduate/Graduate-Doctorate","Professions-focused","Professions-focused","Large","Residential","Doctorate","Classified","Not Classified"
207315,"Oklahoma State University Center for Health Sciences","Tulsa","Oklahoma","Public","Special Focus: Medical Schools and Centers","Not Classified","Research 2: High Research Spending and Doctorate Production","Graduate-focused","Special Focus: Medical Schools and Centers","Special Focus: Medical Schools and Centers","Small","Graduate-focused","Doctorate","Not Classified","Not Classified"
207388,"Oklahoma State University-Main Campus","Stillwater","Oklahoma","Public","Professions-focused Undergraduate/Graduate-Doctorate Large","Lower Access, Higher Earnings","Research 1: Very High Research Spending and Doctorate Production","Undergraduate/Graduate-Doctorate","Professions-focused","Professions-focused","Large","Primarily residential","Doctorate","Not Classified","Classified"
232982,"Old Dominion University","Norfolk","Virginia","Public","Mixed Undergraduate/Graduate-Doctorate Large","Higher Access, Medium Earnings","Research 1: Very High Research Spending and Doctorate Production","Undergraduate/Graduate-Doctorate","Mixed","Professions-focused","Large","Residential","Doctorate","Classified","Not Classified"
209490,"Oregon Health & Science University","Portland","Oregon","Public","Special Focus: Medical Schools and Centers","Not Classified","Research 2: High Research Spending and Doctorate Production","Undergraduate/Graduate-Doctorate","Special Focus: Medical Schools and Centers","Special Focus: Medical Schools and Centers","Small","Graduate-focused","Doctorate","Not Classified","Not Classified"
209506,"Oregon Institute of Technology","Klamath Falls","Oregon","Public","Professions-focused Baccalaureate Medium","Lower Access, Higher Earnings","Research Colleges and Universities","Baccalaureate","Professions-focused","Special Focus: Technology, Engineering, and Sciences","Medium","Residential","Bachelor's","Not Classified","Not Classified"
209542,"Oregon State University","Corvallis","Oregon","Public","Mixed Undergraduate/Graduate-Doctorate Large","Lower Access, Higher Earnings","Research 1: Very High Research Spending and Doctorate Production","Undergraduate/Graduate-Doctorate","Mixed","Mixed","Large","Residential","Doctorate","Classified","Not Classified"
194310,"Pace University","New York","New York","Private not-for-profit","Professions-focused Undergraduate/Graduate-Doctorate Medium","Opportunity Colleges and Universities-Higher Access, Higher Earnings","Research Colleges and Universities","Undergraduate/Graduate-Doctorate","Professions-focused","Professions-focused","Medium","Primarily residential","Doctorate","Classified","Not Classified"
209612,"Pacific University","Forest Grove","Oregon","Private not-for-profit","Mixed Undergraduate/Graduate-Doctorate Medium","Higher Access, Medium Earnings","Research Colleges and Universities","Undergraduate/Graduate-Doctorate","Mixed","Special Focus: Other Health Professions","Medium","Highly residential","Doctorate","Not Classified","Not Classified"
214777,"Pennsylvania State University-Main Campus","University Park","Pennsylvania","Public","Mixed Undergraduate/Graduate-Doctorate Large","Lower Access, Medium Earnings","Research 1: Very High Research Spending and Doctorate Production","Undergraduate/Graduate-Doctorate","Mixed","Professions-focused","Very Large","Primarily residential","Doctorate","Classified","Not Classified"
214591,"Pennsylvania State University-Penn State Erie-Behrend College","Erie","Pennsylvania","Public","Mixed Baccalaureate","Lower Access, Higher Earnings","Research Colleges and Universities","Baccalaureate","Mixed","Special Focus: Business","Small","Highly residential","Master's","Not Classified","Not Classified"
214713,"Pennsylvania State University-Penn State Harrisburg","Middletown","Pennsylvania","Public","Mixed Undergraduate/Graduate-Master's Large/Medium","Lower Access, Higher Earnings","Research Colleges and Universities","Undergraduate/Graduate-Master's","Mixed","Professions-focused","Medium","Residential","Master's","Not Classified","Not Classified"
121150,"Pepperdine University","Malibu","California","Private not-for-profit","Professions-focused Undergraduate/Graduate-Doctorate Medium","Lower Access, Higher Earnings","Research 2: High Research Spending and Doctorate Production","Undergraduate/Graduate-Doctorate","Professions-focused","Professions-focused","Medium","Highly residential","Doctorate","Not Classified","Not Classified"
215123,"Philadelphia College of Osteopathic Medicine","Philadelphia","Pennsylvania","Private not-for-profit","Special Focus: Medical Schools and Centers","Not Classified","Research Colleges and Universities","Graduate-focused","Special Focus: Medical Schools and Centers","Special Focus: Medical Schools and Centers","Small","Graduate-focused","Doctorate","Not Classified","Not Classified"
155681,"Pittsburg State University","Pittsburg","Kansas","Public","Professions-focused Undergraduate/Graduate-Master's Large/Medium","Opportunity Colleges and Universities-Higher Access, Higher Earnings","Research Colleges and Universities","Undergraduate/Graduate-Master's","Professions-focused","Professions-focused","Medium","Primarily residential","Master's","Not Classified","Not Classified"
121345,"Pomona College","Claremont","California","Private not-for-profit","Special Focus: Arts and Sciences","Lower Access, Higher Earnings","Research Colleges and Universities","Baccalaureate","Special Focus: Arts and Sciences","N/A","Small","Highly residential","Bachelor's","Not Classified","Not Classified"
243081,"Ponce Health Sciences University","Ponce","Puerto Rico","Private for-profit","Special Focus: Medical Schools and Centers","Not Classified","Research Colleges and Universities","Graduate-focused","Special Focus: Medical Schools and Centers","Special Focus: Medical Schools and Centers","Small","Primarily online","Doctorate","Not Classified","Not Classified"
209807,"Portland State University","Portland","Oregon","Public","Mixed Undergraduate/Graduate-Doctorate Large","Higher Access, Medium Earnings","Research 2: High Research Spending and Doctorate Production","Undergraduate/Graduate-Doctorate","Mixed","Professions-focused","Large","Residential","Doctorate","Classified","Not Classified"
227526,"Prairie View A & M University","Prairie View","Texas","Public","Mixed Undergraduate/Graduate-Master's Large/Medium","Higher Access, Medium Earnings","Research 2: High Research Spending and Doctorate Production","Undergraduate/Graduate-Master's","Mixed","Professions-focused","Medium","Highly residential","Doctorate","Not Classified","Not Classified"
186131,"Princeton University","Princeton","New Jersey","Private not-for-profit","Mixed Undergraduate/Graduate-Doctorate Medium","Lower Access, Higher Earnings","Research 1: Very High Research Spending and Doctorate Production","Undergraduate/Graduate-Doctorate","Mixed","Mixed","Medium","Highly residential","Doctorate","Not Classified","Not Classified"
217402,"Providence College","Providence","Rhode Island","Private not-for-profit","Professions-focused Undergraduate/Graduate-Master's Large/Medium","Lower Access, Higher Earnings","Research Colleges and Universities","Undergraduate/Graduate-Master's","Professions-focused","Professions-focused","Medium","Highly residential","Master's","Not Classified","Not Classified"
151102,"Purdue University Fort Wayne","Fort Wayne","Indiana","Public","Professions-focused Undergraduate/Graduate-Master's Large/Medium","Higher Access, Medium Earnings","Research Colleges and Universities","Undergraduate/Graduate-Master's","Professions-focused","Professions-focused","Medium","Residential","Master's","Not Classified","Not Classified"
490805,"Purdue University Northwest","Hammond","Indiana","Public","Professions-focused Undergraduate/Graduate-Master's Large/Medium","Not Classified","Research Colleges and Universities","Undergraduate/Graduate-Master's","Professions-focused","Professions-focused","Medium","Residential","Master's","Not Classified","Not Classified"
243780,"Purdue University-Main Campus","West Lafayette","Indiana","Public","Mixed Undergraduate/Graduate-Doctorate Large","Lower Access, Higher Earnings","Research 1: Very High Research Spending and Doctorate Production","Undergraduate/Graduate-Doctorate","Mixed","Mixed","Very Large","Primarily residential","Doctorate","Classified","Not Classified"
209922,"Reed College","Portland","Oregon","Private not-for-profit","Special Focus: Arts and Sciences","Lower Access, Medium Earnings","Research Colleges and Universities","Baccalaureate","Special Focus: Arts and Sciences","Special Focus: Arts and Sciences","Small","Highly residential","Bachelor's","Not Classified","Not Classified"
194824,"Rensselaer Polytechnic Institute","Troy","New York","Private not-for-profit","Special Focus: Technology, Engineering, and Sciences","Lower Access, Higher Earnings","Research 1: Very High Research Spending and Doctorate Production","Undergraduate/Graduate-Doctorate","Special Focus: Technology, Engineering, and Sciences","Special Focus: Technology, Engineering, and Sciences","Medium","Highly residential","Doctorate","Not Classified","Not Classified"
217420,"Rhode Island College","Providence","Rhode Island","Public","Professions-focused Undergraduate/Graduate-Master's Large/Medium","Higher Access, Medium Earnings","Research Colleges and Universities","Undergraduate/Graduate-Master's","Professions-focused","Professions-focused","Medium","Residential","Master's","Not Classified","Not Classified"
217493,"Rhode Island School of Design","Providence","Rhode Island","Private not-for-profit","Special Focus: Arts, Music, and Design","Lower Access, Higher Earnings","Research Colleges and Universities","Undergraduate/Graduate-Master's","Special Focus: Arts, Music, and Design","Professions-focused","Small","Highly residential","Master's","Not Classified","Not Classified"
227757,"Rice University","Houston","Texas","Private not-for-profit","Mixed Undergraduate/Graduate-Doctorate Medium","Lower Access, Higher Earnings","Research 1: Very High Research Spending and Doctorate Production","Undergraduate/Graduate-Doctorate","Mixed","Mixed","Medium","Highly residential","Doctorate","Not Classified","Classified"
195003,"Rochester Institute of Technology","Rochester","New York","Private not-for-profit","Mixed Undergraduate/Graduate-Doctorate Medium","Lower Access, Higher Earnings","Research 2: High Research Spending and Doctorate Production","Undergraduate/Graduate-Doctorate","Mixed","Special Focus: Technology, Engineering, and Sciences","Medium","Highly residential","Doctorate","Not Classified","Not Classified"
217518,"Roger Williams University","Bristol","Rhode Island","Private not-for-profit","Professions-focused Baccalaureate Medium","Lower Access, Medium Earnings","Research Colleges and Universities","Baccalaureate","Professions-focused","Professions-focused","Medium","Highly residential","Master's","Classified","Not Classified"
145558,"Rosalind Franklin University of Medicine and Science","North Chicago","Illinois","Private not-for-profit","Special Focus: Medical Schools and Centers","Not Classified","Research Colleges and Universities","Graduate-focused","Special Focus: Medical Schools and Centers","Special Focus: Medical Schools and Centers","Small","Graduate-focused","Doctorate","Not Classified","Not Classified"
445735,"Roseman University of Health Sciences","Henderson","Nevada","Private not-for-profit","Special Focus: Medical Schools and Centers","Not Classified","Research Colleges and Universities","Undergraduate/Graduate-Doctorate","Special Focus: Medical Schools and Centers","Special Focus: Medical Schools and Centers","Small","Graduate-focused","Doctorate","Not Classified","Not Classified"
184782,"Rowan University","Glassboro","New Jersey","Public","Mixed Undergraduate/Graduate-Doctorate Large","Higher Access, Medium Earnings","Research 2: High Research Spending and Doctorate Production","Undergraduate/Graduate-Doctorate","Mixed","Professions-focused","Large","Primarily residential","Doctorate","Not Classified","Not Classified"
148511,"Rush University","Chicago","Illinois","Private not-for-profit","Special Focus: Medical Schools and Centers","Not Classified","Research 2: High Research Spending and Doctorate Production","Graduate-focused","Special Focus: Medical Schools and Centers","Special Focus: Medical Schools and Centers","Small","Mostly part-time, not residential","Doctorate","Not Classified","Not Classified"
186371,"Rutgers University-Camden","Camden","New Jersey","Public","Professions-focused Undergraduate/Graduate-Doctorate Medium","Opportunity Colleges and Universities-Higher Access, Higher Earnings","Research 2: High Research Spending and Doctorate Production","Undergraduate/Graduate-Doctorate","Professions-focused","Professions-focused","Medium","Residential","Doctorate","Classified","Not Classified"
186380,"Rutgers University-New Brunswick","New Brunswick","New Jersey","Public","Mixed Undergraduate/Graduate-Doctorate Large","Lower Access, Medium Earnings","Research 1: Very High Research Spending and Doctorate Production","Undergraduate/Graduate-Doctorate","Mixed","Professions-focused","Very Large","Primarily residential","Doctorate","Classified","Not Classified"
186399,"Rutgers University-Newark","Newark","New Jersey","Public","Professions-focused Undergraduate/Graduate-Doctorate Medium","Opportunity Colleges and Universities-Higher Access, Higher Earnings","Research 2: High Research Spending and Doctorate Production","Undergraduate/Graduate-Doctorate","Professions-focused","Special Focus: Business","Medium","Primarily residential","Doctorate","Classified","Not Classified"
130253,"Sacred Heart University","Fairfield","Connecticut","Private not-for-profit","Professions-focused Undergraduate/Graduate-Doctorate Medium","Lower Access, Higher Earnings","Research Colleges and Universities","Undergraduate/Graduate-Doctorate","Professions-focused","Professions-focused","Medium","Highly residential","Doctorate","Not Classified","Not Classified"
172051,"Saginaw Valley State University","University Center","Michigan","Public","Professions-focused Undergraduate/Graduate-Master's Large/Medium","Lower Access, Medium Earnings","Research Colleges and Universities","Undergraduate/Graduate-Master's","Professions-focused","Professions-focused","Medium","Primarily residential","Master's","Not Classified","Not Classified"
174783,"Saint Cloud State University","Saint Cloud","Minnesota","Public","Mixed Undergraduate/Graduate-Master's Large/Medium","Higher Access, Medium Earnings","Research Colleges and Universities","Undergraduate/Graduate-Master's","Mixed","Professions-focused","Medium","Residential","Master's","Not Classified","Not Classified"
227845,"Saint Edward's University","Austin","Texas","Private not-for-profit","Mixed Undergraduate/Graduate-Master's Small","Higher Access, Medium Earnings","Research Colleges and Universities","Undergraduate/Graduate-Master's","Mixed","Special Focus: Business","Small","Highly residential","Master's","Not Classified","Not Classified"
215770,"Saint Joseph's University - Philadelphia","Philadelphia","Pennsylvania","Private not-for-profit","Professions-focused Undergraduate/Graduate-Doctorate Medium","Lower Access, Higher Earnings","Research 2: High Research Spending and Doctorate Production","Undergraduate/Graduate-Doctorate","Professions-focused","Professions-focused","Medium","Highly residential","Doctorate","Classified","Not Classified"
179159,"Saint Louis University","Saint Louis","Missouri","Private not-for-profit","Professions-focused Undergraduate/Graduate-Doctorate Medium","Lower Access, Higher Earnings","Research 1: Very High Research Spending and Doctorate Production","Undergraduate/Graduate-Doctorate","Professions-focused","Professions-focused","Medium","Highly residential","Doctorate","Classified","Not Classified"
163851,"Salisbury University","Salisbury","Maryland","Public","Mixed Undergraduate/Graduate-Master's Large/Medium","Lower Access, Higher Earnings","Research Colleges and Universities","Undergraduate/Graduate-Master's","Mixed","Professions-focused","Medium","Primarily residential","Master's","Classified","Not Classified"
227881,"Sam Houston State University","Huntsville","Texas","Public","Professions-focused Undergraduate/Graduate-Master's Large/Medium","Higher Access, Medium Earnings","Research 2: High Research Spending and Doctorate Production","Undergraduate/Graduate-Master's","Professions-focused","Professions-focused","Large","Residential","Doctorate","Classified","Not Classified"
122409,"San Diego State University","San Diego","California","Public","Mixed Undergraduate/Graduate-Doctorate Large","Opportunity Colleges and Universities-Higher Access, Higher Earnings","Research 1: Very High Research Spending and Doctorate Production","Undergraduate/Graduate-Doctorate","Mixed","Professions-focused","Large","Residential","Doctorate","Classified","Not Classified"
122597,"San Francisco State University","San Francisco","California","Public","Mixed Undergraduate/Graduate-Master's Large/Medium","Higher Access, Medium Earnings","Research 2: High Research Spending and Doctorate Production","Undergraduate/Graduate-Master's","Mixed","Professions-focused","Large","Residential","Doctorate","Classified","Not Classified"
122755,"San Jose State University","San Jose","California","Public","Mixed Undergraduate/Graduate-Doctorate Large","Higher Access, Medium Earnings","Research 2: High Research Spending and Doctorate Production","Undergraduate/Graduate-Doctorate","Mixed","Professions-focused","Very Large","Residential","Doctorate","Not Classified","Not Classified"
122931,"Santa Clara University","Santa Clara","California","Private not-for-profit","Mixed Undergraduate/Graduate-Doctorate Medium","Lower Access, Higher Earnings","Research Colleges and Universities","Undergraduate/Graduate-Doctorate","Mixed","Professions-focused","Medium","Highly residential","Doctorate","Not Classified","Not Classified"
236595,"Seattle University","Seattle","Washington","Private not-for-profit","Mixed Undergraduate/Graduate-Doctorate Medium","Lower Access, Higher Earnings","Research Colleges and Universities","Undergraduate/Graduate-Doctorate","Mixed","Professions-focused","Medium","Highly residential","Doctorate","Classified","Not Classified"
186584,"Seton Hall University","South Orange","New Jersey","Private not-for-profit","Mixed Undergraduate/Graduate-Doctorate Medium","Opportunity Colleges and Universities-Higher Access, Higher Earnings","Research 2: High Research Spending and Doctorate Production","Undergraduate/Graduate-Doctorate","Mixed","Professions-focused","Medium","Primarily residential","Doctorate","Not Classified","Not Classified"
167835,"Smith College","Northampton","Massachusetts","Private not-for-profit","Special Focus: Arts and Sciences","Lower Access, Medium Earnings","Research Colleges and Universities","Baccalaureate","Special Focus: Arts and Sciences","Professions-focused","Small","Highly residential","Master's","Not Classified","Not Classified"
123572,"Sonoma State University","Rohnert Park","California","Public","Mixed Undergraduate/Graduate-Master's Large/Medium","Higher Access, Medium Earnings","Research Colleges and Universities","Undergraduate/Graduate-Master's","Mixed","Professions-focused","Medium","Highly residential","Master's","Not Classified","Not Classified"
218733,"South Carolina State University","Orangeburg","South Carolina","Public","Mixed Baccalaureate","Higher Access, Medium Earnings","Research 2: High Research Spending and Doctorate Production","Baccalaureate","Mixed","Professions-focused","Small","Highly residential","Master's","Not Classified","Not Classified"
219347,"South Dakota School of Mines and Technology","Rapid City","South Dakota","Public","Special Focus: Technology, Engineering, and Sciences","Lower Access, Higher Earnings","Research Colleges and Universities","Undergraduate/Graduate-Master's","Special Focus: Technology, Engineering, and Sciences","Special Focus: Technology, Engineering, and Sciences","Small","Highly residential","Master's","Not Classified","Not Classified"
219356,"South Dakota State University","Brookings","South Dakota","Public","Professions-focused Undergraduate/Graduate-Doctorate Medium","Lower Access, Medium Earnings","Research 2: High Research Spending and Doctorate Production","Undergraduate/Graduate-Doctorate","Professions-focused","Professions-focused","Medium","Primarily residential","Doctorate","Not Classified","Not Classified"
160612,"Southeastern Louisiana University","Hammond","Louisiana","Public","Professions-focused Undergraduate/Graduate-Master's Large/Medium","Higher Access, Medium Earnings","Research Colleges and Universities","Undergraduate/Graduate-Master's","Professions-focused","Professions-focused","Medium","Primarily residential","Doctorate","Not Classified","Not Classified"
130493,"Southern Connecticut State University","New Haven","Connecticut","Public","Mixed Undergraduate/Graduate-Doctorate Medium","Higher Access, Medium Earnings","Research 2: High Research Spending and Doctorate Production","Undergraduate/Graduate-Doctorate","Mixed","Professions-focused","Medium","Primarily residential","Doctorate","Not Classified","Not Classified"
149222,"Southern Illinois University-Carbondale","Carbondale","Illinois","Public","Professions-focused Undergraduate/Graduate-Doctorate Medium","Opportunity Colleges and Universities-Higher Access, Higher Earnings","Research 1: Very High Research Spending and Doctorate Production","Undergraduate/Graduate-Doctorate","Professions-focused","Professions-focused","Medium","Highly residential","Doctorate","Not Classified","Not Classified"
149231,"Southern Illinois University-Edwardsville","Edwardsville","Illinois","Public","Mixed Undergraduate/Graduate-Doctorate Medium","Higher Access, Medium Earnings","Research Colleges and Universities","Undergraduate/Graduate-Doctorate","Mixed","Professions-focused","Medium","Primarily residential","Doctorate","Not Classified","Not Classified"
228246,"Southern Methodist University","Dallas","Texas","Private not-for-profit","Mixed Undergraduate/Graduate-Doctorate Medium","Lower Access, Higher Earnings","Research 1: Very High Research Spending and Doctorate Production","Undergraduate/Graduate-Doctorate","Mixed","Professions-focused","Medium","Primarily residential","Doctorate","Classified","Not Classified"
160621,"Southern University and A & M College","Baton Rouge","Louisiana","Public","Mixed Undergraduate/Graduate-Doctorate Medium","Higher Access, Medium Earnings","Research 2: High Research Spending and Doctorate Production","Undergraduate/Graduate-Doctorate","Mixed","Professions-focused","Medium","Highly residential","Doctorate","Not Classified","Not Classified"
141060,"Spelman College","Atlanta","Georgia","Private not-for-profit","Special Focus: Arts and Sciences","Opportunity Colleges and Universities-Higher Access, Higher Earnings","Research Colleges and Universities","Baccalaureate","Special Focus: Arts and Sciences","N/A","Small","Residential","Bachelor's","Classified","Not Classified"
195809,"St. John's University-New York","Queens","New York","Private not-for-profit","Professions-focused Undergraduate/Graduate-Doctorate Large","Opportunity Colleges and Universities-Higher Access, Higher Earnings","Research Colleges and Universities","Undergraduate/Graduate-Doctorate","Professions-focused","Professions-focused","Large","Primarily residential","Doctorate","Not Classified","Not Classified"
243744,"Stanford University","Stanford","California","Private not-for-profit","Mixed Undergraduate/Graduate-Doctorate Large","Lower Access, Higher Earnings","Research 1: Very High Research Spending and Doctorate Production","Undergraduate/Graduate-Doctorate","Mixed","Mixed","Large","Highly residential","Doctorate","Not Classified","Not Classified"
228431,"Stephen F Austin State University","Nacogdoches","Texas","Public","Mixed Undergraduate/Graduate-Master's Large/Medium","Higher Access, Medium Earnings","Research Colleges and Universities","Undergraduate/Graduate-Master's","Mixed","Professions-focused","Medium","Primarily residential","Master's","Not Classified","Not Classified"
186867,"Stevens Institute of Technology","Hoboken","New Jersey","Private not-for-profit","Special Focus: Technology, Engineering, and Sciences","Lower Access, Higher Earnings","Research 2: High Research Spending and Doctorate Production","Undergraduate/Graduate-Doctorate","Special Focus: Technology, Engineering, and Sciences","Special Focus: Technology, Engineering, and Sciences","Medium","Primarily residential","Doctorate","Not Classified","Not Classified"
196097,"Stony Brook University","Stony Brook","New York","Public","Mixed Undergraduate/Graduate-Doctorate Large","Opportunity Colleges and Universities-Higher Access, Higher Earnings","Research 1: Very High Research Spending and Doctorate Production","Undergraduate/Graduate-Doctorate","Mixed","Professions-focused","Large","Highly residential","Doctorate","Not Classified","Not Classified"
168005,"Suffolk University","Boston","Massachusetts","Private not-for-profit","Professions-focused Undergraduate/Graduate-Doctorate Medium","Higher Access, Medium Earnings","Research Colleges and Universities","Undergraduate/Graduate-Doctorate","Professions-focused","Professions-focused","Medium","Primarily residential","Doctorate","Classified","Not Classified"
228501,"Sul Ross State University","Alpine","Texas","Public","Mixed Undergraduate/Graduate-Master's Small","Opportunity Colleges and Universities-Higher Access, Higher Earnings","Research Colleges and Universities","Undergraduate/Graduate-Master's","Mixed","Professions-focused","Small","Residential","Master's","Not Classified","Not Classified"
196130,"SUNY Buffalo State University","Buffalo","New York","Public","Professions-focused Undergraduate/Graduate-Master's Large/Medium","Higher Access, Medium Earnings","Research Colleges and Universities","Undergraduate/Graduate-Master's","Professions-focused","Professions-focused","Medium","Primarily residential","Master's","Classified","Not Classified"
196033,"SUNY College of Agriculture and Technology at Cobleskill","Cobleskill","New York","Public","Professions-focused Baccalaureate Small","Higher Access, Lower Earnings","Research Colleges and Universities","Baccalaureate","Professions-focused","N/A","Small","Highly residential","Bachelor's","Not Classified","Not Classified"
196103,"SUNY College of Environmental Science and Forestry","Syracuse","New York","Public","Mixed Baccalaureate","Lower Access, Medium Earnings","Research 2: High Research Spending and Doctorate Production","Baccalaureate","Mixed","Special Focus: Technology, Engineering, and Sciences","Small","Residential","Doctorate","Not Classified","Not Classified"
196228,"SUNY College of Optometry","New York","New York","Public","Special Focus: Other Health Professions","Not Classified","Research Colleges and Universities","Graduate-focused","Special Focus: Other Health Professions","Special Focus: Other Health Professions","Very Small","Graduate-focused","Doctorate","Not Classified","Not Classified"
196255,"SUNY Downstate Health Sciences University","Brooklyn","New York","Public","Special Focus: Medical Schools and Centers","Not Classified","Research Colleges and Universities","Undergraduate/Graduate-Doctorate","Special Focus: Medical Schools and Centers","Special Focus: Medical Schools and Centers","Small","Graduate-focused","Doctorate","Not Classified","Not Classified"
196112,"SUNY Polytechnic Institute","Utica","New York","Public","Professions-focused Undergraduate/Graduate-Master's Small","Opportunity Colleges and Universities-Higher Access, Higher Earnings","Research Colleges and Universities","Undergraduate/Graduate-Master's","Professions-focused","Professions-focused","Small","Highly residential","Master's","Not Classified","Not Classified"
216287,"Swarthmore College","Swarthmore","Pennsylvania","Private not-for-profit","Special Focus: Arts and Sciences","Lower Access, Higher Earnings","Research Colleges and Universities","Baccalaureate","Special Focus: Arts and Sciences","N/A","Small","Highly residential","Bachelor's","Classified","Not Classified"
196413,"Syracuse University","Syracuse","New York","Private not-for-profit","Mixed Undergraduate/Graduate-Doctorate Large","Lower Access, Higher Earnings","Research 1: Very High Research Spending and Doctorate Production","Undergraduate/Graduate-Doctorate","Mixed","Professions-focused","Large","Highly residential","Doctorate","Not Classified","Not Classified"
228529,"Tarleton State University","Stephenville","Texas","Public","Professions-focused Undergraduate/Graduate-Master's Large/Medium","Higher Access, Medium Earnings","Research 2: High Research Spending and Doctorate Production","Undergraduate/Graduate-Master's","Professions-focused","Professions-focused","Medium","Residential","Doctorate","Classified","Not Classified"
196468,"Teachers College at Columbia University","New York","New York","Private not-for-profit","Special Focus: Graduate Studies","Not Classified","Research 2: High Research Spending and Doctorate Production","Graduate-focused","Special Focus: Graduate Studies","Professions-focused","Medium","Graduate-focused","Doctorate","Not Classified","Not Classified"
216339,"Temple University","Philadelphia","Pennsylvania","Public","Professions-focused Undergraduate/Graduate-Doctorate Large","Opportunity Colleges and Universities-Higher Access, Higher Earnings","Research 1: Very High Research Spending and Doctorate Production","Undergraduate/Graduate-Doctorate","Professions-focused","Professions-focused","Large","Residential","Doctorate","Not Classified","Not Classified"
221838,"Tennessee State University","Nashville","Tennessee","Public","Professions-focused Undergraduate/Graduate-Doctorate Medium","Higher Access, Medium Earnings","Research 2: High Research Spending and Doctorate Production","Undergraduate/Graduate-Doctorate","Professions-focused","Professions-focused","Medium","Primarily residential","Doctorate","Not Classified","Not Classified"
221847,"Tennessee Technological University","Cookeville","Tennessee","Public","Mixed Undergraduate/Graduate-Master's Large/Medium","Opportunity Colleges and Universities-Higher Access, Higher Earnings","Research 2: High Research Spending and Doctorate Production","Undergraduate/Graduate-Master's","Mixed","Professions-focused","Medium","Primarily residential","Doctorate","Not Classified","Not Classified"
226152,"Texas A & M International University","Laredo","Texas","Public","Mixed Undergraduate/Graduate-Master's Large/Medium","Opportunity Colleges and Universities-Higher Access, Higher Earnings","Research Colleges and Universities","Undergraduate/Graduate-Master's","Mixed","Professions-focused","Medium","Residential","Master's","Not Classified","Not Classified"
228723,"Texas A&M University-College Station","College Station","Texas","Public","Mixed Undergraduate/Graduate-Doctorate Large","Lower Access, Higher Earnings","Research 1: Very High Research Spending and Doctorate Production","Undergraduate/Graduate-Doctorate","Mixed","Professions-focused","Very Large","Residential","Doctorate","Not Classified","Not Classified"
224147,"Texas A & M University-Corpus Christi","Corpus Christi","Texas","Public","Mixed Undergraduate/Graduate-Doctorate Medium","Lower Access, Medium Earnings","Research 2: High Research Spending and Doctorate Production","Undergraduate/Graduate-Doctorate","Mixed","Special Focus: Business","Medium","Residential","Doctorate","Not Classified","Not Classified"
228705,"Texas A&M University-Kingsville","Kingsville","Texas","Public","Mixed Undergraduate/Graduate-Doctorate Medium","Opportunity Colleges and Universities-Higher Access, Higher Earnings","Research 2: High Research Spending and Doctorate Production","Undergraduate/Graduate-Doctorate","Mixed","Professions-focused","Medium","Primarily residential","Doctorate","Not Classified","Not Classified"
228875,"Texas Christian University","Fort Worth","Texas","Private not-for-profit","Professions-focused Undergraduate/Graduate-Doctorate Medium","Lower Access, Higher Earnings","Research 2: High Research Spending and Doctorate Production","Undergraduate/Graduate-Doctorate","Professions-focused","Professions-focused","Medium","Primarily residential","Doctorate","Not Classified","Not Classified"
229063,"Texas Southern University","Houston","Texas","Public","Professions-focused Undergraduate/Graduate-Doctorate Medium","Higher Access, Medium Earnings","Research 2: High Research Spending and Doctorate Production","Undergraduate/Graduate-Doctorate","Professions-focused","Professions-focused","Medium","Residential","Doctorate","Classified","Not Classified"
228459,"Texas State University","San Marcos","Texas","Public","Mixed Undergraduate/Graduate-Master's Large/Medium","Higher Access, Medium Earnings","Research 2: High Research Spending and Doctorate Production","Undergraduate/Graduate-Master's","Mixed","Professions-focused","Very Large","Residential","Doctorate","Not Classified","Not Classified"
229115,"Texas Tech University","Lubbock","Texas","Public","Mixed Undergraduate/Graduate-Doctorate Large","Lower Access, Higher Earnings","Research 1: Very High Research Spending and Doctorate Production","Undergraduate/Graduate-Doctorate","Mixed","Professions-focused","Very Large","Residential","Doctorate","Not Classified","Not Classified"
229337,"Texas Tech University Health Sciences Center","Lubbock","Texas","Public","Special Focus: Medical Schools and Centers","Not Classified","Research 2: High Research Spending and Doctorate Production","Undergraduate/Graduate-Doctorate","Special Focus: Medical Schools and Centers","Special Focus: Medical Schools and Centers","Medium","Graduate-focused","Doctorate","Not Classified","Not Classified"
492689,"Texas Tech University Health Sciences Center-El Paso","El Paso","Texas","Public","Special Focus: Medical Schools and Centers","Not Classified","Research Colleges and Universities","Undergraduate/Graduate-Doctorate","Special Focus: Medical Schools and Centers","Special Focus: Medical Schools and Centers","Small","Graduate-focused","Doctorate","Not Classified","Not Classified"
229179,"Texas Woman's University","Denton","Texas","Public","Professions-focused Undergraduate/Graduate-Doctorate Large","Higher Access, Medium Earnings","Research 2: High Research Spending and Doctorate Production","Undergraduate/Graduate-Doctorate","Professions-focused","Professions-focused","Large","Residential","Doctorate","Not Classified","Not Classified"
131283,"The Catholic University of America","Washington","District of Columbia","Private not-for-profit","Mixed Undergraduate/Graduate-Doctorate Medium","Lower Access, Higher Earnings","Research 1: Very High Research Spending and Doctorate Production","Undergraduate/Graduate-Doctorate","Mixed","Professions-focused","Medium","Highly residential","Doctorate","Not Classified","Not Classified"
187134,"The College of New Jersey","Ewing","New Jersey","Public","Mixed Undergraduate/Graduate-Master's Large/Medium","Lower Access, Higher Earnings","Research Colleges and Universities","Undergraduate/Graduate-Master's","Mixed","Professions-focused","Medium","Primarily residential","Master's","Classified","Not Classified"
193654,"The New School","New York","New York","Private not-for-profit","Special Focus: Arts, Music, and Design","Lower Access, Medium Earnings","Research 2: High Research Spending and Doctorate Production","Undergraduate/Graduate-Doctorate","Special Focus: Arts, Music, and Design","Mixed","Medium","Primarily residential","Doctorate","Not Classified","Not Classified"
195049,"The Rockefeller University","New York","New York","Private not-for-profit","Special Focus: Graduate Studies","Not Classified","Research 2: High Research Spending and Doctorate Production","Graduate-focused","Special Focus: Graduate Studies","Mixed","Very Small","Graduate-focused","Doctorate","Not Classified","Not Classified"
100751,"The University of Alabama","Tuscaloosa","Alabama","Public","Professions-focused Undergraduate/Graduate-Doctorate Large","Lower Access, Higher Earnings","Research 1: Very High Research Spending and Doctorate Production","Undergraduate/Graduate-Doctorate","Professions-focused","Professions-focused","Very Large","Primarily residential","Doctorate","Classified","Not Classified"
180489,"The University of Montana","Missoula","Montana","Public","Mixed Undergraduate/Graduate-Doctorate Medium","Higher Access, Medium Earnings","Research 1: Very High Research Spending and Doctorate Production","Undergraduate/Graduate-Doctorate","Mixed","Professions-focused","Medium","Residential","Doctorate","Classified","Not Classified"
487010,"The University of Tennessee Health Science Center","Memphis","Tennessee","Public","Special Focus: Medical Schools and Centers","Not Classified","Research 1: Very High Research Spending and Doctorate Production","Undergraduate/Graduate-Doctorate","Special Focus: Medical Schools and Centers","Special Focus: Medical Schools and Centers","Small","Graduate-focused","Doctorate","Not Classified","Not Classified"
221740,"The University of Tennessee-Chattanooga","Chattanooga","Tennessee","Public","Professions-focused Undergraduate/Graduate-Master's Large/Medium","Higher Access, Medium Earnings","Research Colleges and Universities","Undergraduate/Graduate-Master's","Professions-focused","Professions-focused","Medium","Primarily residential","Doctorate","Classified","Not Classified"
221759,"The University of Tennessee-Knoxville","Knoxville","Tennessee","Public","Mixed Undergraduate/Graduate-Doctorate Large","Lower Access, Higher Earnings","Research 1: Very High Research Spending and Doctorate Production","Undergraduate/Graduate-Doctorate","Mixed","Professions-focused","Large","Primarily residential","Doctorate","Classified","Not Classified"
228769,"The University of Texas at Arlington","Arlington","Texas","Public","Professions-focused Undergraduate/Graduate-Doctorate Large","Opportunity Colleges and Universities-Higher Access, Higher Earnings","Research 1: Very High Research Spending and Doctorate Production","Undergraduate/Graduate-Doctorate","Professions-focused","Professions-focused","Very Large","Residential","Doctorate","Classified","Not Classified"
228778,"The University of Texas at Austin","Austin","Texas","Public","Mixed Undergraduate/Graduate-Doctorate Large","Lower Access, Higher Earnings","Research 1: Very High Research Spending and Doctorate Production","Undergraduate/Graduate-Doctorate","Mixed","Professions-focused","Very Large","Residential","Doctorate","Not Classified","Not Classified"
228787,"The University of Texas at Dallas","Richardson","Texas","Public","Mixed Undergraduate/Graduate-Doctorate Large","Lower Access, Higher Earnings","Research 1: Very High Research Spending and Doctorate Production","Undergraduate/Graduate-Doctorate","Mixed","Mixed","Large","Residential","Doctorate","Not Classified","Not Classified"
228796,"The University of Texas at El Paso","El Paso","Texas","Public","Mixed Undergraduate/Graduate-Doctorate Large","Opportunity Colleges and Universities-Higher Access, Higher Earnings","Research 1: Very High Research Spending and Doctorate Production","Undergraduate/Graduate-Doctorate","Mixed","Professions-focused","Large","Primarily non-residential","Doctorate","Classified","Not Classified"
229027,"The University of Texas at San Antonio","San Antonio","Texas","Public","Mixed Undergraduate/Graduate-Doctorate Large","Opportunity Colleges and Universities-Higher Access, Higher Earnings","Research 1: Very High Research Spending and Doctorate Production","Undergraduate/Graduate-Doctorate","Mixed","Professions-focused","Large","Residential","Doctorate","Classified","Not Classified"
228802,"The University of Texas at Tyler","Tyler","Texas","Public","Professions-focused Undergraduate/Graduate-Doctorate Medium","Opportunity Colleges and Universities-Higher Access, Higher Earnings","Research 2: High Research Spending and Doctorate Production","Undergraduate/Graduate-Doctorate","Professions-focused","Professions-focused","Medium","Residential","Doctorate","Not Classified","Not Classified"
229300,"The University of Texas Health Science Center at Houston","Houston","Texas","Public","Special Focus: Medical Schools and Centers","Not Classified","Research 1: Very High Research Spending and Doctorate Production","Undergraduate/Graduate-Doctorate","Special Focus: Medical Schools and Centers","Special Focus: Medical Schools and Centers","Medium","Graduate-focused","Doctorate","Not Classified","Not Classified"
228644,"The University of Texas Health Science Center at San Antonio","San Antonio","Texas","Public","Special Focus: Medical Schools and Centers","Not Classified","Research 1: Very High Research Spending and Doctorate Production","Undergraduate/Graduate-Doctorate","Special Focus: Medical Schools and Centers","Special Focus: Medical Schools and Centers","Medium","Graduate-focused","Doctorate","Not Classified","Not Classified"
416801,"The University of Texas MD Anderson Cancer Center","Houston","Texas","Public","Special Focus: Other Health Professions","Not Classified","Research Colleges and Universities","Baccalaureate","Special Focus: Other Health Professions","Special Focus: Other Health Professions","Small","Mostly full-time, not residential","Bachelor's","Not Classified","Not Classified"
228653,"The University of Texas Medical Branch at Galveston","Galveston","Texas","Public","Special Focus: Medical Schools and Centers","Not Classified","Research 2: High Research Spending and Doctorate Production","Undergraduate/Graduate-Doctorate","Special Focus: Medical Schools and Centers","Special Focus: Medical Schools and Centers","Medium","Graduate-focused","Doctorate","Not Classified","Not Classified"
229018,"The University of Texas Permian Basin","Odessa","Texas","Public","Mixed Undergraduate/Graduate-Master's Large/Medium","Higher Access, Medium Earnings","Research Colleges and Universities","Undergraduate/Graduate-Master's","Mixed","Professions-focused","Medium","Residential","Master's","Not Classified","Not Classified"
227368,"The University of Texas Rio Grande Valley","Edinburg","Texas","Public","Mixed Undergraduate/Graduate-Doctorate Large","Opportunity Colleges and Universities-Higher Access, Higher Earnings","Research 2: High Research Spending and Doctorate Production","Undergraduate/Graduate-Doctorate","Mixed","Professions-focused","Very Large","Primarily non-residential","Doctorate","Classified","Not Classified"
138354,"University of West Florida","Pensacola","Florida","Public","Mixed Undergraduate/Graduate-Doctorate Medium","Higher Access, Medium Earnings","Research 2: High Research Spending and Doctorate Production","Undergraduate/Graduate-Doctorate","Mixed","Professions-focused","Medium","Residential","Doctorate","Classified","Not Classified"
216366,"Thomas Jefferson University","Philadelphia","Pennsylvania","Private not-for-profit","Special Focus: Medical Schools and Centers","Not Classified","Research 2: High Research Spending and Doctorate Production","Undergraduate/Graduate-Doctorate","Special Focus: Medical Schools and Centers","Special Focus: Medical Schools and Centers","Medium","Graduate-focused","Doctorate","Not Classified","Not Classified"
176406,"Tougaloo College","Tougaloo","Mississippi","Private not-for-profit","Special Focus: Arts and Sciences","Higher Access, Medium Earnings","Research Colleges and Universities","Baccalaureate","Special Focus: Arts and Sciences","Special Focus: Arts and Sciences","Small","Highly residential","Bachelor's","Not Classified","Not Classified"
196592,"Touro University","New York","New York","Private not-for-profit","Mixed Undergraduate/Graduate-Doctorate Medium","Higher Access, Medium Earnings","Research Colleges and Universities","Undergraduate/Graduate-Doctorate","Mixed","Professions-focused","Medium","Primarily non-residential","Doctorate","Not Classified","Not Classified"
459736,"Touro University California","Vallejo","California","Private not-for-profit","Special Focus: Medical Schools and Centers","Not Classified","Research Colleges and Universities","Graduate-focused","Special Focus: Medical Schools and Centers","Special Focus: Medical Schools and Centers","Small","Graduate-focused","Doctorate","Not Classified","Not Classified"
164076,"Towson University","Towson","Maryland","Public","Professions-focused Undergraduate/Graduate-Master's Large/Medium","Higher Access, Medium Earnings","Research Colleges and Universities","Undergraduate/Graduate-Master's","Professions-focused","Professions-focused","Large","Primarily residential","Doctorate","Classified","Not Classified"
445054,"Toyota Technological Institute at Chicago","Chicago","Illinois","Private not-for-profit","Special Focus: Technology, Engineering, and Sciences","Not Classified","Research Colleges and Universities","Graduate-focused","Special Focus: Technology, Engineering, and Sciences","Special Focus: Technology, Engineering, and Sciences","Very Small","Graduate-focused","Doctorate","Not Classified","Not Classified"
130590,"Trinity College","Hartford","Connecticut","Private not-for-profit","Special Focus: Arts and Sciences","Lower Access, Higher Earnings","Research Colleges and Universities","Baccalaureate","Special Focus: Arts and Sciences","Special Focus: Arts and Sciences","Small","Highly residential","Bachelor's","Classified","Not Classified"
229267,"Trinity University","San Antonio","Texas","Private not-for-profit","Mixed Baccalaureate","Lower Access, Higher Earnings","Research Colleges and Universities","Baccalaureate","Mixed","Professions-focused","Small","Highly residential","Master's","Not Classified","Not Classified"
102368,"Troy University","Troy","Alabama","Public","Mixed Undergraduate/Graduate-Doctorate Medium","Higher Access, Medium Earnings","Research Colleges and Universities","Undergraduate/Graduate-Doctorate","Mixed","Professions-focused","Medium","Residential","Doctorate","Not Classified","Not Classified"
168148,"Tufts University","Medford","Massachusetts","Private not-for-profit","Mixed Undergraduate/Graduate-Doctorate Medium","Lower Access, Higher Earnings","Research 1: Very High Research Spending and Doctorate Production","Undergraduate/Graduate-Doctorate","Mixed","Mixed","Medium","Highly residential","Doctorate","Classified","Not Classified"
160755,"Tulane University of Louisiana","New Orleans","Louisiana","Private not-for-profit","Mixed Undergraduate/Graduate-Doctorate Medium","Lower Access, Medium Earnings","Research 1: Very High Research Spending and Doctorate Production","Undergraduate/Graduate-Doctorate","Mixed","Professions-focused","Medium","Primarily residential","Doctorate","Classified","Not Classified"
102377,"Tuskegee University","Tuskegee","Alabama","Private not-for-profit","Professions-focused Baccalaureate Small","Opportunity Colleges and Universities-Higher Access, Higher Earnings","Research Colleges and Universities","Baccalaureate","Professions-focused","Professions-focused","Small","Highly residential","Doctorate","Not Classified","Not Classified"
128328,"United States Air Force Academy","USAF Academy","Colorado","Public","Mixed Baccalaureate","Not Classified","Research Colleges and Universities","Baccalaureate","Mixed","N/A","Medium","Highly residential","Bachelor's","Not Classified","Not Classified"
197036,"United States Military Academy","West Point","New York","Public","Mixed Baccalaureate","Not Classified","Research Colleges and Universities","Baccalaureate","Mixed","N/A","Medium","Highly residential","Bachelor's","Not Classified","Not Classified"
164155,"United States Naval Academy","Annapolis","Maryland","Public","Mixed Baccalaureate","Not Classified","Research Colleges and Universities","Baccalaureate","Mixed","N/A","Medium","Highly residential","Bachelor's","Not Classified","Classified"
243568,"Universidad Central Del Caribe","Bayamon","Puerto Rico","Private not-for-profit","Special Focus: Medical Schools and Centers","Not Classified","Research Colleges and Universities","Graduate-focused","Special Focus: Medical Schools and Centers","Special Focus: Medical Schools and Centers","Small","Mostly full-time, not residential","Doctorate","Not Classified","Not Classified"
196060,"University at Albany","Albany","New York","Public","Mixed Undergraduate/Graduate-Doctorate Medium","Higher Access, Medium Earnings","Research 1: Very High Research Spending and Doctorate Production","Undergraduate/Graduate-Doctorate","Mixed","Professions-focused","Medium","Highly residential","Doctorate","Not Classified","Not Classified"
196088,"University at Buffalo","Buffalo","New York","Public","Mixed Undergraduate/Graduate-Doctorate Large","Lower Access, Medium Earnings","Research 1: Very High Research Spending and Doctorate Production","Undergraduate/Graduate-Doctorate","Mixed","Professions-focused","Large","Primarily residential","Doctorate","Not Classified","Not Classified"
200800,"University of Akron Main Campus","Akron","Ohio","Public","Professions-focused Undergraduate/Graduate-Doctorate Medium","Higher Access, Medium Earnings","Research 2: High Research Spending and Doctorate Production","Undergraduate/Graduate-Doctorate","Professions-focused","Professions-focused","Medium","Residential","Doctorate","Classified","Not Classified"
100663,"University of Alabama at Birmingham","Birmingham","Alabama","Public","Professions-focused Undergraduate/Graduate-Doctorate Large","Higher Access, Medium Earnings","Research 1: Very High Research Spending and Doctorate Production","Undergraduate/Graduate-Doctorate","Professions-focused","Special Focus: Medical Schools and Centers","Large","Residential","Doctorate","Classified","Not Classified"
100706,"University of Alabama in Huntsville","Huntsville","Alabama","Public","Mixed Undergraduate/Graduate-Doctorate Medium","Lower Access, Higher Earnings","Research 2: High Research Spending and Doctorate Production","Undergraduate/Graduate-Doctorate","Mixed","Professions-focused","Medium","Primarily residential","Doctorate","Not Classified","Not Classified"
102553,"University of Alaska Anchorage","Anchorage","Alaska","Public","Professions-focused Baccalaureate Medium","Higher Access, Medium Earnings","Research Colleges and Universities","Baccalaureate","Professions-focused","Professions-focused","Medium","Primarily non-residential","Master's","Classified","Not Classified"
102614,"University of Alaska Fairbanks","Fairbanks","Alaska","Public","Mixed Undergraduate/Graduate-Master's Large/Medium","Higher Access, Medium Earnings","Research 2: High Research Spending and Doctorate Production","Undergraduate/Graduate-Master's","Mixed","Professions-focused","Medium","Primarily non-residential","Doctorate","Not Classified","Not Classified"
104179,"University of Arizona","Tucson","Arizona","Public","Mixed Undergraduate/Graduate-Doctorate Large","Lower Access, Medium Earnings","Research 1: Very High Research Spending and Doctorate Production","Undergraduate/Graduate-Doctorate","Mixed","Professions-focused","Very Large","Residential","Doctorate","Not Classified","Not Classified"
106397,"University of Arkansas","Fayetteville","Arkansas","Public","Professions-focused Undergraduate/Graduate-Doctorate Large","Lower Access, Higher Earnings","Research 1: Very High Research Spending and Doctorate Production","Undergraduate/Graduate-Doctorate","Professions-focused","Professions-focused","Large","Residential","Doctorate","Not Classified","Not Classified"
106245,"University of Arkansas at Little Rock","Little Rock","Arkansas","Public","Professions-focused Undergraduate/Graduate-Doctorate Medium","Higher Access, Medium Earnings","Research 2: High Research Spending and Doctorate Production","Undergraduate/Graduate-Doctorate","Professions-focused","Professions-focused","Medium","Residential","Doctorate","Not Classified","Not Classified"
106412,"University of Arkansas at Pine Bluff","Pine Bluff","Arkansas","Public","Mixed Baccalaureate","Higher Access, Medium Earnings","Research Colleges and Universities","Baccalaureate","Mixed","Professions-focused","Small","Highly residential","Bachelor's","Not Classified","Not Classified"
106263,"University of Arkansas for Medical Sciences","Little Rock","Arkansas","Public","Special Focus: Medical Schools and Centers","Not Classified","Research 2: High Research Spending and Doctorate Production","Undergraduate/Graduate-Doctorate","Special Focus: Medical Schools and Centers","Special Focus: Medical Schools and Centers","Small","Graduate-focused","Doctorate","Not Classified","Not Classified"
161873,"University of Baltimore","Baltimore","Maryland","Public","Professions-focused Undergraduate/Graduate-Doctorate Medium","Higher Access, Medium Earnings","Research Colleges and Universities","Undergraduate/Graduate-Doctorate","Professions-focused","Professions-focused","Medium","Mostly full-time, not residential","Doctorate","Classified","Not Classified"
110635,"University of California-Berkeley","Berkeley","California","Public","Mixed Undergraduate/Graduate-Doctorate Large","Lower Access, Higher Earnings","Research 1: Very High Research Spending and Doctorate Production","Undergraduate/Graduate-Doctorate","Mixed","Mixed","Very Large","Primarily residential","Doctorate","Not Classified","Not Classified"
110644,"University of California-Davis","Davis","California","Public","Mixed Undergraduate/Graduate-Doctorate Large","Lower Access, Higher Earnings","Research 1: Very High Research Spending and Doctorate Production","Undergraduate/Graduate-Doctorate","Mixed","Professions-focused","Very Large","Primarily residential","Doctorate","Classified","Not Classified"
110653,"University of California-Irvine","Irvine","California","Public","Mixed Undergraduate/Graduate-Doctorate Large","Opportunity Colleges and Universities-Higher Access, Higher Earnings","Research 1: Very High Research Spending and Doctorate Production","Undergraduate/Graduate-Doctorate","Mixed","Mixed","Large","Highly residential","Doctorate","Not Classified","Not Classified"
110662,"University of California-Los Angeles","Los Angeles","California","Public","Mixed Undergraduate/Graduate-Doctorate Large","Lower Access, Higher Earnings","Research 1: Very High Research Spending and Doctorate Production","Undergraduate/Graduate-Doctorate","Mixed","Professions-focused","Very Large","Highly residential","Doctorate","Classified","Not Classified"
445188,"University of California-Merced","Merced","California","Public","Mixed Baccalaureate","Opportunity Colleges and Universities-Higher Access, Higher Earnings","Research 1: Very High Research Spending and Doctorate Production","Baccalaureate","Mixed","Mixed","Medium","Primarily residential","Doctorate","Classified","Not Classified"
110671,"University of California-Riverside","Riverside","California","Public","Mixed Undergraduate/Graduate-Doctorate Large","Higher Access, Medium Earnings","Research 1: Very High Research Spending and Doctorate Production","Undergraduate/Graduate-Doctorate","Mixed","Mixed","Large","Primarily residential","Doctorate","Classified","Not Classified"
110680,"University of California-San Diego","La Jolla","California","Public","Mixed Undergraduate/Graduate-Doctorate Large","Lower Access, Higher Earnings","Research 1: Very High Research Spending and Doctorate Production","Undergraduate/Graduate-Doctorate","Mixed","Special Focus: Technology, Engineering, and Sciences","Very Large","Highly residential","Doctorate","Not Classified","Not Classified"
110699,"University of California-San Francisco","San Francisco","California","Public","Special Focus: Medical Schools and Centers","Not Classified","Research 1: Very High Research Spending and Doctorate Production","Graduate-focused","Special Focus: Medical Schools and Centers","Special Focus: Medical Schools and Centers","Small","Graduate-focused","Doctorate","Not Classified","Not Classified"
110705,"University of California-Santa Barbara","Santa Barbara","California","Public","Mixed Undergraduate/Graduate-Doctorate Large","Lower Access, Higher Earnings","Research 1: Very High Research Spending and Doctorate Production","Undergraduate/Graduate-Doctorate","Mixed","Mixed","Large","Primarily residential","Doctorate","Not Classified","Not Classified"
110714,"University of California-Santa Cruz","Santa Cruz","California","Public","Mixed Undergraduate/Graduate-Doctorate Large","Lower Access, Medium Earnings","Research 1: Very High Research Spending and Doctorate Production","Undergraduate/Graduate-Doctorate","Mixed","Mixed","Large","Primarily residential","Doctorate","Not Classified","Not Classified"
106704,"University of Central Arkansas","Conway","Arkansas","Public","Professions-focused Undergraduate/Graduate-Doctorate Medium","Higher Access, Medium Earnings","Research Colleges and Universities","Undergraduate/Graduate-Doctorate","Professions-focused","Professions-focused","Medium","Primarily residential","Doctorate","Classified","Not Classified"
132903,"University of Central Florida","Orlando","Florida","Public","Mixed Undergraduate/Graduate-Doctorate Large","Opportunity Colleges and Universities-Higher Access, Higher Earnings","Research 1: Very High Research Spending and Doctorate Production","Undergraduate/Graduate-Doctorate","Mixed","Professions-focused","Very Large","Residential","Doctorate","Classified","Not Classified"
206941,"University of Central Oklahoma","Edmond","Oklahoma","Public","Professions-focused Undergraduate/Graduate-Master's Large/Medium","Higher Access, Medium Earnings","Research Colleges and Universities","Undergraduate/Graduate-Master's","Professions-focused","Professions-focused","Medium","Residential","Master's","Not Classified","Not Classified"
144050,"University of Chicago","Chicago","Illinois","Private not-for-profit","Mixed Undergraduate/Graduate-Doctorate Large","Lower Access, Higher Earnings","Research 1: Very High Research Spending and Doctorate Production","Undergraduate/Graduate-Doctorate","Mixed","Mixed","Large","Highly residential","Doctorate","Not Classified","Not Classified"
201885,"University of Cincinnati-Main Campus","Cincinnati","Ohio","Public","Professions-focused Undergraduate/Graduate-Doctorate Large","Lower Access, Medium Earnings","Research 1: Very High Research Spending and Doctorate Production","Undergraduate/Graduate-Doctorate","Professions-focused","Professions-focused","Very Large","Residential","Doctorate","Not Classified","Classified"
126614,"University of Colorado Boulder","Boulder","Colorado","Public","Mixed Undergraduate/Graduate-Doctorate Large","Lower Access, Higher Earnings","Research 1: Very High Research Spending and Doctorate Production","Undergraduate/Graduate-Doctorate","Mixed","Mixed","Very Large","Residential","Doctorate","Classified","Not Classified"
126580,"University of Colorado Colorado Springs","Colorado Springs","Colorado","Public","Mixed Undergraduate/Graduate-Master's Large/Medium","Higher Access, Medium Earnings","Research 2: High Research Spending and Doctorate Production","Undergraduate/Graduate-Master's","Mixed","Professions-focused","Medium","Residential","Doctorate","Not Classified","Not Classified"
126562,"University of Colorado Denver/Anschutz Medical Campus","Denver","Colorado","Public","Mixed Undergraduate/Graduate-Doctorate Large","Higher Access, Medium Earnings","Research 1: Very High Research Spending and Doctorate Production","Undergraduate/Graduate-Doctorate","Mixed","Professions-focused","Large","Residential","Doctorate","Not Classified","Not Classified"
129020,"University of Connecticut","Storrs","Connecticut","Public","Mixed Undergraduate/Graduate-Doctorate Large","Lower Access, Higher Earnings","Research 1: Very High Research Spending and Doctorate Production","Undergraduate/Graduate-Doctorate","Mixed","Professions-focused","Large","Highly residential","Doctorate","Classified","Not Classified"
202480,"University of Dayton","Dayton","Ohio","Private not-for-profit","Mixed Undergraduate/Graduate-Doctorate Medium","Lower Access, Higher Earnings","Research 1: Very High Research Spending and Doctorate Production","Undergraduate/Graduate-Doctorate","Mixed","Professions-focused","Medium","Highly residential","Doctorate","Classified","Not Classified"
130943,"University of Delaware","Newark","Delaware","Public","Mixed Undergraduate/Graduate-Doctorate Large","Lower Access, Higher Earnings","Research 1: Very High Research Spending and Doctorate Production","Undergraduate/Graduate-Doctorate","Mixed","Mixed","Large","Primarily residential","Doctorate","Classified","Not Classified"
127060,"University of Denver","Denver","Colorado","Private not-for-profit","Mixed Undergraduate/Graduate-Doctorate Medium","Lower Access, Higher Earnings","Research 1: Very High Research Spending and Doctorate Production","Undergraduate/Graduate-Doctorate","Mixed","Professions-focused","Medium","Primarily residential","Doctorate","Classified","Not Classified"
169716,"University of Detroit Mercy","Detroit","Michigan","Private not-for-profit","Professions-focused Undergraduate/Graduate-Doctorate Medium","Opportunity Colleges and Universities-Higher Access, Higher Earnings","Research Colleges and Universities","Undergraduate/Graduate-Doctorate","Professions-focused","Professions-focused","Medium","Primarily residential","Doctorate","Not Classified","Not Classified"
134130,"University of Florida","Gainesville","Florida","Public","Mixed Undergraduate/Graduate-Doctorate Large","Lower Access, Higher Earnings","Research 1: Very High Research Spending and Doctorate Production","Undergraduate/Graduate-Doctorate","Mixed","Professions-focused","Very Large","Primarily residential","Doctorate","Classified","Not Classified"
139959,"University of Georgia","Athens","Georgia","Public","Mixed Undergraduate/Graduate-Doctorate Large","Lower Access, Higher Earnings","Research 1: Very High Research Spending and Doctorate Production","Undergraduate/Graduate-Doctorate","Mixed","Professions-focused","Very Large","Primarily residential","Doctorate","Classified","Not Classified"
240754,"University of Guam","Mangilao","Guam","Public","Professions-focused Baccalaureate Small","Not Classified","Research Colleges and Universities","Baccalaureate","Professions-focused","Professions-focused","Small","Primarily non-residential","Master's","Not Classified","Not Classified"
141565,"University of Hawaii at Hilo","Hilo","Hawaii","Public","Special Focus: Arts and Sciences","Higher Access, Medium Earnings","Research Colleges and Universities","Baccalaureate","Special Focus: Arts and Sciences","Special Focus: Other Health Professions","Small","Residential","Doctorate","Not Classified","Not Classified"
141574,"University of Hawaii at Manoa","Honolulu","Hawaii","Public","Mixed Undergraduate/Graduate-Doctorate Large","Higher Access, Medium Earnings","Research 1: Very High Research Spending and Doctorate Production","Undergraduate/Graduate-Doctorate","Mixed","Professions-focused","Large","Residential","Doctorate","Classified","Not Classified"
179265,"University of Health Sciences and Pharmacy in St. Louis","Saint Louis","Missouri","Private not-for-profit","Special Focus: Other Health Professions","Lower Access, Higher Earnings","Research Colleges and Universities","Undergraduate/Graduate-Doctorate","Special Focus: Other Health Professions","Special Focus: Other Health Professions","Small","Highly residential","Doctorate","Not Classified","Not Classified"
225511,"University of Houston","Houston","Texas","Public","Mixed Undergraduate/Graduate-Doctorate Large","Opportunity Colleges and Universities-Higher Access, Higher Earnings","Research 1: Very High Research Spending and Doctorate Production","Undergraduate/Graduate-Doctorate","Mixed","Professions-focused","Very Large","Residential","Doctorate","Classified","Not Classified"
142285,"University of Idaho","Moscow","Idaho","Public","Mixed Undergraduate/Graduate-Doctorate Medium","Higher Access, Medium Earnings","Research 1: Very High Research Spending and Doctorate Production","Undergraduate/Graduate-Doctorate","Mixed","Professions-focused","Medium","Primarily residential","Doctorate","Not Classified","Not Classified"
145600,"University of Illinois Chicago","Chicago","Illinois","Public","Mixed Undergraduate/Graduate-Doctorate Large","Opportunity Colleges and Universities-Higher Access, Higher Earnings","Research 1: Very High Research Spending and Doctorate Production","Undergraduate/Graduate-Doctorate","Mixed","Professions-focused","Large","Residential","Doctorate","Not Classified","Not Classified"
148654,"University of Illinois Springfield","Springfield","Illinois","Public","Mixed Undergraduate/Graduate-Master's Large/Medium","Higher Access, Medium Earnings","Research Colleges and Universities","Undergraduate/Graduate-Master's","Mixed","Mixed","Medium","Residential","Master's","Not Classified","Not Classified"
145637,"University of Illinois Urbana-Champaign","Champaign","Illinois","Public","Mixed Undergraduate/Graduate-Doctorate Large","Lower Access, Higher Earnings","Research 1: Very High Research Spending and Doctorate Production","Undergraduate/Graduate-Doctorate","Mixed","Professions-focused","Very Large","Primarily residential","Doctorate","Classified","Not Classified"
153658,"University of Iowa","Iowa City","Iowa","Public","Mixed Undergraduate/Graduate-Doctorate Large","Lower Access, Medium Earnings","Research 1: Very High Research Spending and Doctorate Production","Undergraduate/Graduate-Doctorate","Mixed","Professions-focused","Large","Primarily residential","Doctorate","Classified","Not Classified"
155317,"University of Kansas","Lawrence","Kansas","Public","Mixed Undergraduate/Graduate-Doctorate Large","Lower Access, Higher Earnings","Research 1: Very High Research Spending and Doctorate Production","Undergraduate/Graduate-Doctorate","Mixed","Professions-focused","Large","Primarily residential","Doctorate","Classified","Not Classified"
157085,"University of Kentucky","Lexington","Kentucky","Public","Professions-focused Undergraduate/Graduate-Doctorate Large","Lower Access, Higher Earnings","Research 1: Very High Research Spending and Doctorate Production","Undergraduate/Graduate-Doctorate","Professions-focused","Professions-focused","Large","Primarily residential","Doctorate","Classified","Not Classified"
160658,"University of Louisiana at Lafayette","Lafayette","Louisiana","Public","Mixed Undergraduate/Graduate-Master's Large/Medium","Higher Access, Medium Earnings","Research 1: Very High Research Spending and Doctorate Production","Undergraduate/Graduate-Master's","Mixed","Professions-focused","Medium","Primarily residential","Doctorate","Classified","Not Classified"
159993,"University of Louisiana at Monroe","Monroe","Louisiana","Public","Professions-focused Undergraduate/Graduate-Doctorate Medium","Lower Access, Medium Earnings","Research Colleges and Universities","Undergraduate/Graduate-Doctorate","Professions-focused","Professions-focused","Medium","Primarily residential","Doctorate","Not Classified","Not Classified"
157289,"University of Louisville","Louisville","Kentucky","Public","Mixed Undergraduate/Graduate-Doctorate Large","Opportunity Colleges and Universities-Higher Access, Higher Earnings","Research 1: Very High Research Spending and Doctorate Production","Undergraduate/Graduate-Doctorate","Mixed","Professions-focused","Large","Residential","Doctorate","Classified","Not Classified"
161253,"University of Maine","Orono","Maine","Public","Mixed Undergraduate/Graduate-Master's Large/Medium","Lower Access, Medium Earnings","Research 1: Very High Research Spending and Doctorate Production","Undergraduate/Graduate-Master's","Mixed","Professions-focused","Medium","Primarily residential","Doctorate","Not Classified","Not Classified"
163338,"University of Maryland Eastern Shore","Princess Anne","Maryland","Public","Professions-focused Undergraduate/Graduate-Doctorate Small","Opportunity Colleges and Universities-Higher Access, Higher Earnings","Research Colleges and Universities","Undergraduate/Graduate-Doctorate","Professions-focused","Special Focus: Other Health Professions","Small","Highly residential","Doctorate","Classified","Not Classified"
163259,"University of Maryland, Baltimore","Baltimore","Maryland","Public","Special Focus: Medical Schools and Centers","Not Classified","Research 1: Very High Research Spending and Doctorate Production","Undergraduate/Graduate-Doctorate","Special Focus: Medical Schools and Centers","Special Focus: Medical Schools and Centers","Medium","Graduate-focused","Doctorate","Classified","Not Classified"
163268,"University of Maryland-Baltimore County","Baltimore","Maryland","Public","Mixed Undergraduate/Graduate-Doctorate Medium","Higher Access, Medium Earnings","Research 1: Very High Research Spending and Doctorate Production","Undergraduate/Graduate-Doctorate","Mixed","Mixed","Medium","Primarily residential","Doctorate","Classified","Not Classified"
163286,"University of Maryland-College Park","College Park","Maryland","Public","Mixed Undergraduate/Graduate-Doctorate Large","Lower Access, Higher Earnings","Research 1: Very High Research Spending and Doctorate Production","Undergraduate/Graduate-Doctorate","Mixed","Mixed","Very Large","Primarily residential","Doctorate","Classified","Not Classified"
166708,"University of Massachusetts Chan Medical School","Worcester","Massachusetts","Public","Special Focus: Medical Schools and Centers","Not Classified","Research 2: High Research Spending and Doctorate Production","Graduate-focused","Special Focus: Medical Schools and Centers","Special Focus: Medical Schools and Centers","Small","Graduate-focused","Doctorate","Classified","Not Classified"
166629,"University of Massachusetts-Amherst","Amherst","Massachusetts","Public","Mixed Undergraduate/Graduate-Doctorate Large","Lower Access, Medium Earnings","Research 1: Very High Research Spending and Doctorate Production","Undergraduate/Graduate-Doctorate","Mixed","Professions-focused","Large","Highly residential","Doctorate","Classified","Not Classified"
166638,"University of Massachusetts-Boston","Boston","Massachusetts","Public","Mixed Undergraduate/Graduate-Doctorate Medium","Higher Access, Medium Earnings","Research 1: Very High Research Spending and Doctorate Production","Undergraduate/Graduate-Doctorate","Mixed","Professions-focused","Medium","Primarily non-residential","Doctorate","Not Classified","Not Classified"
167987,"University of Massachusetts-Dartmouth","North Dartmouth","Massachusetts","Public","Mixed Undergraduate/Graduate-Doctorate Medium","Opportunity Colleges and Universities-Higher Access, Higher Earnings","Research 2: High Research Spending and Doctorate Production","Undergraduate/Graduate-Doctorate","Mixed","Professions-focused","Medium","Highly residential","Doctorate","Classified","Not Classified"
166513,"University of Massachusetts-Lowell","Lowell","Massachusetts","Public","Mixed Undergraduate/Graduate-Doctorate Large","Higher Access, Medium Earnings","Research 1: Very High Research Spending and Doctorate Production","Undergraduate/Graduate-Doctorate","Mixed","Professions-focused","Large","Residential","Doctorate","Classified","Not Classified"
220862,"University of Memphis","Memphis","Tennessee","Public","Professions-focused Undergraduate/Graduate-Doctorate Large","Higher Access, Medium Earnings","Research 1: Very High Research Spending and Doctorate Production","Undergraduate/Graduate-Doctorate","Professions-focused","Professions-focused","Large","Residential","Doctorate","Not Classified","Not Classified"
135726,"University of Miami","Coral Gables","Florida","Private not-for-profit","Mixed Undergraduate/Graduate-Doctorate Large","Lower Access, Higher Earnings","Research 1: Very High Research Spending and Doctorate Production","Undergraduate/Graduate-Doctorate","Mixed","Professions-focused","Large","Primarily residential","Doctorate","Classified","Not Classified"
170976,"University of Michigan-Ann Arbor","Ann Arbor","Michigan","Public","Mixed Undergraduate/Graduate-Doctorate Large","Lower Access, Higher Earnings","Research 1: Very High Research Spending and Doctorate Production","Undergraduate/Graduate-Doctorate","Mixed","Mixed","Very Large","Primarily residential","Doctorate","Not Classified","Not Classified"
171137,"University of Michigan-Dearborn","Dearborn","Michigan","Public","Mixed Undergraduate/Graduate-Master's Large/Medium","Opportunity Colleges and Universities-Higher Access, Higher Earnings","Research 2: High Research Spending and Doctorate Production","Undergraduate/Graduate-Master's","Mixed","Special Focus: Technology, Engineering, and Sciences","Medium","Mostly full-time, not residential","Master's","Classified","Not Classified"
174233,"University of Minnesota-Duluth","Duluth","Minnesota","Public","Mixed Undergraduate/Graduate-Master's Large/Medium","Opportunity Colleges and Universities-Higher Access, Higher Earnings","Research Colleges and Universities","Undergraduate/Graduate-Master's","Mixed","Professions-focused","Medium","Primarily residential","Master's","Classified","Not Classified"
174066,"University of Minnesota-Twin Cities","Minneapolis","Minnesota","Public","Mixed Undergraduate/Graduate-Doctorate Large","Higher Access, Medium Earnings","Research 1: Very High Research Spending and Doctorate Production","Undergraduate/Graduate-Doctorate","Mixed","Professions-focused","Very Large","Residential","Doctorate","Classified","Not Classified"
176017,"University of Mississippi","University","Mississippi","Public","Professions-focused Undergraduate/Graduate-Doctorate Large","Lower Access, Medium Earnings","Research 1: Very High Research Spending and Doctorate Production","Undergraduate/Graduate-Doctorate","Professions-focused","Professions-focused","Large","Primarily residential","Doctorate","Classified","Not Classified"
178396,"University of Missouri-Columbia","Columbia","Missouri","Public","Professions-focused Undergraduate/Graduate-Doctorate Large","Lower Access, Higher Earnings","Research 1: Very High Research Spending and Doctorate Production","Undergraduate/Graduate-Doctorate","Professions-focused","Professions-focused","Large","Primarily residential","Doctorate","Not Classified","Not Classified"
178402,"University of Missouri-Kansas City","Kansas City","Missouri","Public","Mixed Undergraduate/Graduate-Doctorate Medium","Higher Access, Medium Earnings","Research 1: Very High Research Spending and Doctorate Production","Undergraduate/Graduate-Doctorate","Mixed","Professions-focused","Medium","Residential","Doctorate","Not Classified","Not Classified"
178420,"University of Missouri-St Louis","Saint Louis","Missouri","Public","Mixed Undergraduate/Graduate-Doctorate Medium","Higher Access, Medium Earnings","Research 2: High Research Spending and Doctorate Production","Undergraduate/Graduate-Doctorate","Mixed","Professions-focused","Medium","Residential","Doctorate","Classified","Not Classified"
181215,"University of Nebraska at Kearney","Kearney","Nebraska","Public","Professions-focused Undergraduate/Graduate-Master's Large/Medium","Higher Access, Medium Earnings","Research Colleges and Universities","Undergraduate/Graduate-Master's","Professions-focused","Professions-focused","Medium","Primarily residential","Master's","Not Classified","Not Classified"
181394,"University of Nebraska at Omaha","Omaha","Nebraska","Public","Mixed Undergraduate/Graduate-Doctorate Medium","Higher Access, Medium Earnings","Research 2: High Research Spending and Doctorate Production","Undergraduate/Graduate-Doctorate","Mixed","Professions-focused","Medium","Residential","Doctorate","Classified","Not Classified"
181428,"University of Nebraska Medical Center","Omaha","Nebraska","Public","Special Focus: Medical Schools and Centers","Not Classified","Research 1: Very High Research Spending and Doctorate Production","Undergraduate/Graduate-Doctorate","Special Focus: Medical Schools and Centers","Special Focus: Medical Schools and Centers","Medium","Graduate-focused","Doctorate","Classified","Not Classified"
181464,"University of Nebraska-Lincoln","Lincoln","Nebraska","Public","Professions-focused Undergraduate/Graduate-Doctorate Large","Lower Access, Medium Earnings","Research 1: Very High Research Spending and Doctorate Production","Undergraduate/Graduate-Doctorate","Professions-focused","Professions-focused","Large","Primarily residential","Doctorate","Classified","Not Classified"
182281,"University of Nevada-Las Vegas","Las Vegas","Nevada","Public","Mixed Undergraduate/Graduate-Doctorate Large","Higher Access, Medium Earnings","Research 1: Very High Research Spending and Doctorate Production","Undergraduate/Graduate-Doctorate","Mixed","Professions-focused","Large","Primarily non-residential","Doctorate","Classified","Not Classified"
182290,"University of Nevada-Reno","Reno","Nevada","Public","Mixed Undergraduate/Graduate-Doctorate Large","Lower Access, Medium Earnings","Research 1: Very High Research Spending and Doctorate Production","Undergraduate/Graduate-Doctorate","Mixed","Professions-focused","Large","Residential","Doctorate","Classified","Not Classified"
161457,"University of New England","Biddeford","Maine","Private not-for-profit","Professions-focused Undergraduate/Graduate-Doctorate Medium","Lower Access, Higher Earnings","Research 2: High Research Spending and Doctorate Production","Undergraduate/Graduate-Doctorate","Professions-focused","Special Focus: Medical Schools and Centers","Medium","Highly residential","Doctorate","Not Classified","Not Classified"
183044,"University of New Hampshire-Main Campus","Durham","New Hampshire","Public","Mixed Undergraduate/Graduate-Master's Large/Medium","Lower Access, Medium Earnings","Research 1: Very High Research Spending and Doctorate Production","Undergraduate/Graduate-Master's","Mixed","Professions-focused","Medium","Highly residential","Doctorate","Classified","Not Classified"
129941,"University of New Haven","West Haven","Connecticut","Private not-for-profit","Professions-focused Undergraduate/Graduate-Master's Large/Medium","Higher Access, Medium Earnings","Research Colleges and Universities","Undergraduate/Graduate-Master's","Professions-focused","Professions-focused","Medium","Highly residential","Master's","Not Classified","Not Classified"
187985,"University of New Mexico-Main Campus","Albuquerque","New Mexico","Public","Mixed Undergraduate/Graduate-Doctorate Large","Higher Access, Medium Earnings","Research 1: Very High Research Spending and Doctorate Production","Undergraduate/Graduate-Doctorate","Mixed","Professions-focused","Large","Residential","Doctorate","Classified","Not Classified"
159939,"University of New Orleans","New Orleans","Louisiana","Public","Mixed Undergraduate/Graduate-Doctorate Medium","Higher Access, Medium Earnings","Research 2: High Research Spending and Doctorate Production","Undergraduate/Graduate-Doctorate","Mixed","Professions-focused","Medium","Residential","Doctorate","Not Classified","Not Classified"
199111,"University of North Carolina at Asheville","Asheville","North Carolina","Public","Special Focus: Arts and Sciences","Higher Access, Medium Earnings","Research Colleges and Universities","Baccalaureate","Special Focus: Arts and Sciences","Special Focus: Arts and Sciences","Small","Highly residential","Bachelor's","Not Classified","Not Classified"
199120,"University of North Carolina at Chapel Hill","Chapel Hill","North Carolina","Public","Mixed Undergraduate/Graduate-Doctorate Large","Lower Access, Higher Earnings","Research 1: Very High Research Spending and Doctorate Production","Undergraduate/Graduate-Doctorate","Mixed","Professions-focused","Large","Primarily residential","Doctorate","Not Classified","Not Classified"
199139,"University of North Carolina at Charlotte","Charlotte","North Carolina","Public","Mixed Undergraduate/Graduate-Doctorate Large","Higher Access, Medium Earnings","Research 1: Very High Research Spending and Doctorate Production","Undergraduate/Graduate-Doctorate","Mixed","Professions-focused","Large","Residential","Doctorate","Classified","Not Classified"
199148,"University of North Carolina at Greensboro","Greensboro","North Carolina","Public","Mixed Undergraduate/Graduate-Doctorate Large","Higher Access, Medium Earnings","Research 2: High Research Spending and Doctorate Production","Undergraduate/Graduate-Doctorate","Mixed","Professions-focused","Large","Primarily residential","Doctorate","Classified","Not Classified"
199218,"University of North Carolina Wilmington","Wilmington","North Carolina","Public","Professions-focused Undergraduate/Graduate-Doctorate Large","Lower Access, Medium Earnings","Research 2: High Research Spending and Doctorate Production","Undergraduate/Graduate-Doctorate","Professions-focused","Professions-focused","Large","Residential","Doctorate","Classified","Not Classified"
200280,"University of North Dakota","Grand Forks","North Dakota","Public","Professions-focused Undergraduate/Graduate-Doctorate Medium","Lower Access, Medium Earnings","Research 1: Very High Research Spending and Doctorate Production","Undergraduate/Graduate-Doctorate","Professions-focused","Professions-focused","Medium","Residential","Doctorate","Not Classified","Not Classified"
136172,"University of North Florida","Jacksonville","Florida","Public","Mixed Undergraduate/Graduate-Doctorate Medium","Higher Access, Medium Earnings","Research 2: High Research Spending and Doctorate Production","Undergraduate/Graduate-Doctorate","Mixed","Professions-focused","Medium","Residential","Doctorate","Classified","Not Classified"
227216,"University of North Texas","Denton","Texas","Public","Mixed Undergraduate/Graduate-Doctorate Large","Higher Access, Medium Earnings","Research 1: Very High Research Spending and Doctorate Production","Undergraduate/Graduate-Doctorate","Mixed","Professions-focused","Very Large","Residential","Doctorate","Not Classified","Not Classified"
228909,"University of North Texas Health Science Center","Fort Worth","Texas","Public","Special Focus: Medical Schools and Centers","Not Classified","Research Colleges and Universities","Graduate-focused","Special Focus: Medical Schools and Centers","Special Focus: Medical Schools and Centers","Small","Graduate-focused","Doctorate","Not Classified","Not Classified"
127741,"University of Northern Colorado","Greeley","Colorado","Public","Mixed Undergraduate/Graduate-Doctorate Medium","Higher Access, Medium Earnings","Research 2: High Research Spending and Doctorate Production","Undergraduate/Graduate-Doctorate","Mixed","Professions-focused","Medium","Highly residential","Doctorate","Not Classified","Not Classified"
154095,"University of Northern Iowa","Cedar Falls","Iowa","Public","Professions-focused Undergraduate/Graduate-Master's Large/Medium","Lower Access, Medium Earnings","Research Colleges and Universities","Undergraduate/Graduate-Master's","Professions-focused","Professions-focused","Medium","Primarily residential","Master's","Classified","Not Classified"
152080,"University of Notre Dame","Notre Dame","Indiana","Private not-for-profit","Mixed Undergraduate/Graduate-Doctorate Medium","Lower Access, Higher Earnings","Research 1: Very High Research Spending and Doctorate Production","Undergraduate/Graduate-Doctorate","Mixed","Professions-focused","Medium","Highly residential","Doctorate","Not Classified","Not Classified"
207342,"University of Oklahoma-Health Sciences Center","Oklahoma City","Oklahoma","Public","Special Focus: Medical Schools and Centers","Not Classified","Research 2: High Research Spending and Doctorate Production","Undergraduate/Graduate-Doctorate","Special Focus: Medical Schools and Centers","Special Focus: Medical Schools and Centers","Small","Residential","Doctorate","Not Classified","Not Classified"
207500,"University of Oklahoma-Norman Campus","Norman","Oklahoma","Public","Mixed Undergraduate/Graduate-Doctorate Large","Lower Access, Higher Earnings","Research 1: Very High Research Spending and Doctorate Production","Undergraduate/Graduate-Doctorate","Mixed","Professions-focused","Large","Primarily residential","Doctorate","Not Classified","Not Classified"
209551,"University of Oregon","Eugene","Oregon","Public","Mixed Undergraduate/Graduate-Doctorate Large","Lower Access, Medium Earnings","Research 1: Very High Research Spending and Doctorate Production","Undergraduate/Graduate-Doctorate","Mixed","Professions-focused","Large","Primarily residential","Doctorate","Not Classified","Not Classified"
215062,"University of Pennsylvania","Philadelphia","Pennsylvania","Private not-for-profit","Mixed Undergraduate/Graduate-Doctorate Large","Lower Access, Higher Earnings","Research 1: Very High Research Spending and Doctorate Production","Undergraduate/Graduate-Doctorate","Mixed","Professions-focused","Large","Highly residential","Doctorate","Classified","Not Classified"
215293,"University of Pittsburgh-Pittsburgh Campus","Pittsburgh","Pennsylvania","Public","Mixed Undergraduate/Graduate-Doctorate Large","Lower Access, Higher Earnings","Research 1: Very High Research Spending and Doctorate Production","Undergraduate/Graduate-Doctorate","Mixed","Professions-focused","Large","Primarily residential","Doctorate","Classified","Not Classified"
243197,"University of Puerto Rico-Mayaguez","Mayaguez","Puerto Rico","Public","Mixed Baccalaureate","Lower Access, Higher Earnings","Research 2: High Research Spending and Doctorate Production","Baccalaureate","Mixed","Special Focus: Technology, Engineering, and Sciences","Medium","Mostly full-time, not residential","Master's","Not Classified","Not Classified"
243203,"University of Puerto Rico-Medical Sciences","San Juan","Puerto Rico","Public","Special Focus: Medical Schools and Centers","Not Classified","Research Colleges and Universities","Undergraduate/Graduate-Doctorate","Special Focus: Medical Schools and Centers","Special Focus: Medical Schools and Centers","Small","Mostly full-time, not residential","Doctorate","Not Classified","Not Classified"
243221,"University of Puerto Rico-Rio Piedras","San Juan","Puerto Rico","Public","Mixed Undergraduate/Graduate-Doctorate Medium","Lower Access, Higher Earnings","Research 2: High Research Spending and Doctorate Production","Undergraduate/Graduate-Doctorate","Mixed","Professions-focused","Medium","Mostly full-time, not residential","Doctorate","Not Classified","Not Classified"
217484,"University of Rhode Island","Kingston","Rhode Island","Public","Mixed Undergraduate/Graduate-Doctorate Large","Lower Access, Higher Earnings","Research 1: Very High Research Spending and Doctorate Production","Undergraduate/Graduate-Doctorate","Mixed","Professions-focused","Large","Primarily residential","Doctorate","Not Classified","Not Classified"
233374,"University of Richmond","University of Richmond","Virginia","Private not-for-profit","Mixed Undergraduate/Graduate-Doctorate Medium","Lower Access, Higher Earnings","Research Colleges and Universities","Undergraduate/Graduate-Doctorate","Mixed","Special Focus: Law","Medium","Highly residential","Doctorate","Classified","Not Classified"
195030,"University of Rochester","Rochester","New York","Private not-for-profit","Mixed Undergraduate/Graduate-Doctorate Medium","Lower Access, Higher Earnings","Research 1: Very High Research Spending and Doctorate Production","Undergraduate/Graduate-Doctorate","Mixed","Professions-focused","Medium","Highly residential","Doctorate","Classified","Not Classified"
122436,"University of San Diego","San Diego","California","Private not-for-profit","Mixed Undergraduate/Graduate-Doctorate Medium","Lower Access, Higher Earnings","Research 2: High Research Spending and Doctorate Production","Undergraduate/Graduate-Doctorate","Mixed","Professions-focused","Medium","Primarily residential","Doctorate","Classified","Not Classified"
122612,"University of San Francisco","San Francisco","California","Private not-for-profit","Professions-focused Undergraduate/Graduate-Doctorate Medium","Opportunity Colleges and Universities-Higher Access, Higher Earnings","Research 2: High Research Spending and Doctorate Production","Undergraduate/Graduate-Doctorate","Professions-focused","Professions-focused","Medium","Primarily residential","Doctorate","Not Classified","Not Classified"
102094,"University of South Alabama","Mobile","Alabama","Public","Professions-focused Undergraduate/Graduate-Doctorate Medium","Lower Access, Medium Earnings","Research 2: High Research Spending and Doctorate Production","Undergraduate/Graduate-Doctorate","Professions-focused","Special Focus: Medical Schools and Centers","Medium","Primarily residential","Doctorate","Not Classified","Not Classified"
218663,"University of South Carolina-Columbia","Columbia","South Carolina","Public","Professions-focused Undergraduate/Graduate-Doctorate Large","Lower Access, Higher Earnings","Research 1: Very High Research Spending and Doctorate Production","Undergraduate/Graduate-Doctorate","Professions-focused","Professions-focused","Large","Primarily residential","Doctorate","Classified","Not Classified"
218742,"University of South Carolina-Upstate","Spartanburg","South Carolina","Public","Professions-focused Baccalaureate Medium","Higher Access, Medium Earnings","Research Colleges and Universities","Baccalaureate","Professions-focused","Professions-focused","Medium","Residential","Master's","Not Classified","Not Classified"
219471,"University of South Dakota","Vermillion","South Dakota","Public","Professions-focused Undergraduate/Graduate-Doctorate Medium","Lower Access, Higher Earnings","Research 2: High Research Spending and Doctorate Production","Undergraduate/Graduate-Doctorate","Professions-focused","Professions-focused","Medium","Primarily residential","Doctorate","Not Classified","Not Classified"
137351,"University of South Florida","Tampa","Florida","Public","Mixed Undergraduate/Graduate-Doctorate Large","Lower Access, Higher Earnings","Research 1: Very High Research Spending and Doctorate Production","Undergraduate/Graduate-Doctorate","Mixed","Professions-focused","Very Large","Residential","Doctorate","Classified","Not Classified"
123961,"University of Southern California","Los Angeles","California","Private not-for-profit","Mixed Undergraduate/Graduate-Doctorate Large","Lower Access, Higher Earnings","Research 1: Very High Research Spending and Doctorate Production","Undergraduate/Graduate-Doctorate","Mixed","Professions-focused","Very Large","Primarily residential","Doctorate","Not Classified","Not Classified"
161554,"University of Southern Maine","Portland","Maine","Public","Professions-focused Undergraduate/Graduate-Doctorate Medium","Higher Access, Medium Earnings","Research Colleges and Universities","Undergraduate/Graduate-Doctorate","Professions-focused","Professions-focused","Medium","Residential","Doctorate","Not Classified","Not Classified"
176372,"University of Southern Mississippi","Hattiesburg","Mississippi","Public","Professions-focused Undergraduate/Graduate-Doctorate Medium","Higher Access, Medium Earnings","Research 1: Very High Research Spending and Doctorate Production","Undergraduate/Graduate-Doctorate","Professions-focused","Professions-focused","Medium","Residential","Doctorate","Classified","Not Classified"
174914,"University of St Thomas","Saint Paul","Minnesota","Private not-for-profit","Mixed Undergraduate/Graduate-Doctorate Medium","Opportunity Colleges and Universities-Higher Access, Higher Earnings","Research Colleges and Universities","Undergraduate/Graduate-Doctorate","Mixed","Professions-focused","Medium","Primarily residential","Doctorate","Not Classified","Not Classified"
228635,"University of Texas Southwestern Medical Center","Dallas","Texas","Public","Special Focus: Medical Schools and Centers","Not Classified","Research 1: Very High Research Spending and Doctorate Production","Graduate-focused","Special Focus: Medical Schools and Centers","Special Focus: Medical Schools and Centers","Small","Primarily online","Doctorate","Not Classified","Not Classified"
131399,"University of the District of Columbia","Washington","District of Columbia","Public","Professions-focused Associate/Baccalaureate","Higher Access, Medium Earnings","Research Colleges and Universities","Associate/Baccalaureate","Professions-focused","Professions-focused","Medium","Mostly part-time, not residential","Doctorate","Not Classified","Not Classified"
243665,"University of the Virgin Islands","Charlotte Amalie","Virgin Islands","Public","Professions-focused Baccalaureate Small","Not Classified","Research Colleges and Universities","Baccalaureate","Professions-focused","Professions-focused","Small","Residential","Master's","Not Classified","Not Classified"
206084,"University of Toledo","Toledo","Ohio","Public","Professions-focused Undergraduate/Graduate-Doctorate Medium","Lower Access, Medium Earnings","Research 1: Very High Research Spending and Doctorate Production","Undergraduate/Graduate-Doctorate","Professions-focused","Professions-focused","Medium","Residential","Doctorate","Not Classified","Not Classified"
207971,"University of Tulsa","Tulsa","Oklahoma","Private not-for-profit","Mixed Undergraduate/Graduate-Doctorate Medium","Lower Access, Higher Earnings","Research 2: High Research Spending and Doctorate Production","Undergraduate/Graduate-Doctorate","Mixed","Professions-focused","Medium","Highly residential","Doctorate","Not Classified","Not Classified"
230764,"University of Utah","Salt Lake City","Utah","Public","Mixed Undergraduate/Graduate-Doctorate Large","Lower Access, Higher Earnings","Research 1: Very High Research Spending and Doctorate Production","Undergraduate/Graduate-Doctorate","Mixed","Professions-focused","Large","Residential","Doctorate","Classified","Not Classified"
231174,"University of Vermont","Burlington","Vermont","Public","Mixed Undergraduate/Graduate-Doctorate Medium","Lower Access, Medium Earnings","Research 1: Very High Research Spending and Doctorate Production","Undergraduate/Graduate-Doctorate","Mixed","Professions-focused","Medium","Highly residential","Doctorate","Not Classified","Not Classified"
234076,"University of Virginia-Main Campus","Charlottesville","Virginia","Public","Mixed Undergraduate/Graduate-Doctorate Large","Lower Access, Higher Earnings","Research 1: Very High Research Spending and Doctorate Production","Undergraduate/Graduate-Doctorate","Mixed","Professions-focused","Large","Primarily residential","Doctorate","Classified","Not Classified"
377555,"University of Washington-Bothell Campus","Bothell","Washington","Public","Mixed Undergraduate/Graduate-Master's Large/Medium","Higher Access, Medium Earnings","Research Colleges and Universities","Undergraduate/Graduate-Master's","Mixed","Professions-focused","Medium","Primarily non-residential","Master's","Classified","Not Classified"
236948,"University of Washington-Seattle Campus","Seattle","Washington","Public","Mixed Undergraduate/Graduate-Doctorate Large","Lower Access, Higher Earnings","Research 1: Very High Research Spending and Doctorate Production","Undergraduate/Graduate-Doctorate","Mixed","Professions-focused","Very Large","Primarily residential","Doctorate","Classified","Not Classified"
377564,"University of Washington-Tacoma Campus","Tacoma","Washington","Public","Mixed Undergraduate/Graduate-Master's Large/Medium","Higher Access, Medium Earnings","Research Colleges and Universities","Undergraduate/Graduate-Master's","Mixed","Professions-focused","Medium","Primarily non-residential","Master's","Classified","Not Classified"
240277,"University of Wisconsin-Green Bay","Green Bay","Wisconsin","Public","Special Focus: Arts and Sciences","Higher Access, Medium Earnings","Research Colleges and Universities","Baccalaureate","Special Focus: Arts and Sciences","Professions-focused","Medium","Residential","Master's","Classified","Not Classified"
240329,"University of Wisconsin-La Crosse","La Crosse","Wisconsin","Public","Mixed Undergraduate/Graduate-Master's Large/Medium","Lower Access, Medium Earnings","Research Colleges and Universities","Undergraduate/Graduate-Master's","Mixed","Professions-focused","Medium","Primarily residential","Doctorate","Not Classified","Not Classified"
240444,"University of Wisconsin-Madison","Madison","Wisconsin","Public","Mixed Undergraduate/Graduate-Doctorate Large","Lower Access, Higher Earnings","Research 1: Very High Research Spending and Doctorate Production","Undergraduate/Graduate-Doctorate","Mixed","Mixed","Very Large","Primarily residential","Doctorate","Classified","Not Classified"
240453,"University of Wisconsin-Milwaukee","Milwaukee","Wisconsin","Public","Mixed Undergraduate/Graduate-Doctorate Large","Higher Access, Medium Earnings","Research 1: Very High Research Spending and Doctorate Production","Undergraduate/Graduate-Doctorate","Mixed","Professions-focused","Large","Residential","Doctorate","Classified","Not Classified"
240471,"University of Wisconsin-River Falls","River Falls","Wisconsin","Public","Professions-focused Baccalaureate Medium","Lower Access, Medium Earnings","Research Colleges and Universities","Baccalaureate","Professions-focused","Professions-focused","Medium","Highly residential","Master's","Not Classified","Not Classified"
240480,"University of Wisconsin-Stevens Point","Stevens Point","Wisconsin","Public","Mixed Undergraduate/Graduate-Master's Large/Medium","Higher Access, Medium Earnings","Research Colleges and Universities","Undergraduate/Graduate-Master's","Mixed","Professions-focused","Medium","Primarily residential","Master's","Not Classified","Not Classified"
240426,"University of Wisconsin-Superior","Superior","Wisconsin","Public","Professions-focused Undergraduate/Graduate-Master's Small","Higher Access, Medium Earnings","Research Colleges and Universities","Undergraduate/Graduate-Master's","Professions-focused","Professions-focused","Small","Residential","Master's","Classified","Not Classified"
240727,"University of Wyoming","Laramie","Wyoming","Public","Mixed Undergraduate/Graduate-Doctorate Medium","Lower Access, Medium Earnings","Research 1: Very High Research Spending and Doctorate Production","Undergraduate/Graduate-Doctorate","Mixed","Professions-focused","Medium","Residential","Doctorate","Classified","Not Classified"
196307,"Upstate Medical University","Syracuse","New York","Public","Special Focus: Medical Schools and Centers","Not Classified","Research 2: High Research Spending and Doctorate Production","Undergraduate/Graduate-Doctorate","Special Focus: Medical Schools and Centers","Special Focus: Medical Schools and Centers","Small","Highly residential","Doctorate","Not Classified","Not Classified"
230728,"Utah State University","Logan","Utah","Public","Mixed Undergraduate/Graduate-Doctorate Large","Lower Access, Medium Earnings","Research 1: Very High Research Spending and Doctorate Production","Undergraduate/Graduate-Doctorate","Mixed","Professions-focused","Large","Residential","Doctorate","Classified","Not Classified"
221999,"Vanderbilt University","Nashville","Tennessee","Private not-for-profit","Mixed Undergraduate/Graduate-Doctorate Medium","Lower Access, Higher Earnings","Research 1: Very High Research Spending and Doctorate Production","Undergraduate/Graduate-Doctorate","Mixed","Professions-focused","Medium","Highly residential","Doctorate","Classified","Not Classified"
197133,"Vassar College","Poughkeepsie","New York","Private not-for-profit","Special Focus: Arts and Sciences","Lower Access, Medium Earnings","Research Colleges and Universities","Baccalaureate","Special Focus: Arts and Sciences","N/A","Small","Highly residential","Bachelor's","Not Classified","Not Classified"
216597,"Villanova University","Villanova","Pennsylvania","Private not-for-profit","Mixed Undergraduate/Graduate-Doctorate Medium","Lower Access, Higher Earnings","Research 2: High Research Spending and Doctorate Production","Undergraduate/Graduate-Doctorate","Mixed","Professions-focused","Medium","Highly residential","Doctorate","Not Classified","Not Classified"
234030,"Virginia Commonwealth University","Richmond","Virginia","Public","Mixed Undergraduate/Graduate-Doctorate Large","Higher Access, Medium Earnings","Research 1: Very High Research Spending and Doctorate Production","Undergraduate/Graduate-Doctorate","Mixed","Professions-focused","Large","Primarily residential","Doctorate","Classified","Not Classified"
233921,"Virginia Polytechnic Institute and State University","Blacksburg","Virginia","Public","Mixed Undergraduate/Graduate-Doctorate Large","Lower Access, Higher Earnings","Research 1: Very High Research Spending and Doctorate Production","Undergraduate/Graduate-Doctorate","Mixed","Mixed","Large","Primarily residential","Doctorate","Classified","Not Classified"
234155,"Virginia State University","Petersburg","Virginia","Public","Special Focus: Arts and Sciences","Higher Access, Medium Earnings","Research 2: High Research Spending and Doctorate Production","Baccalaureate","Special Focus: Arts and Sciences","Professions-focused","Medium","Highly residential","Master's","Not Classified","Not Classified"
199847,"Wake Forest University","Winston-Salem","North Carolina","Private not-for-profit","Mixed Undergraduate/Graduate-Doctorate Medium","Lower Access, Higher Earnings","Research 2: High Research Spending and Doctorate Production","Undergraduate/Graduate-Doctorate","Mixed","Professions-focused","Medium","Highly residential","Doctorate","Not Classified","Not Classified"
236939,"Washington State University","Pullman","Washington","Public","Mixed Undergraduate/Graduate-Doctorate Large","Higher Access, Medium Earnings","Research 1: Very High Research Spending and Doctorate Production","Undergraduate/Graduate-Doctorate","Mixed","Professions-focused","Large","Primarily residential","Doctorate","Classified","Not Classified"
179867,"Washington University in St Louis","Saint Louis","Missouri","Private not-for-profit","Mixed Undergraduate/Graduate-Doctorate Medium","Lower Access, Higher Earnings","Research 1: Very High Research Spending and Doctorate Production","Undergraduate/Graduate-Doctorate","Mixed","Professions-focused","Medium","Highly residential","Doctorate","Not Classified","Not Classified"
172644,"Wayne State University","Detroit","Michigan","Public","Professions-focused Undergraduate/Graduate-Doctorate Large","Higher Access, Medium Earnings","Research 1: Very High Research Spending and Doctorate Production","Undergraduate/Graduate-Doctorate","Professions-focused","Professions-focused","Large","Residential","Doctorate","Not Classified","Not Classified"
190424,"Weill Medical College of Cornell University","New York","New York","Private not-for-profit","Special Focus: Medical Schools and Centers","Not Classified","Research 1: Very High Research Spending and Doctorate Production","Graduate-focused","Special Focus: Medical Schools and Centers","Special Focus: Medical Schools and Centers","Small","Primarily online","Doctorate","Not Classified","Not Classified"
168218,"Wellesley College","Wellesley","Massachusetts","Private not-for-profit","Special Focus: Arts and Sciences","Lower Access, Higher Earnings","Research Colleges and Universities","Baccalaureate","Special Focus: Arts and Sciences","N/A","Small","Highly residential","Bachelor's","Not Classified","Not Classified"
130697,"Wesleyan University","Middletown","Connecticut","Private not-for-profit","Special Focus: Arts and Sciences","Lower Access, Higher Earnings","Research Colleges and Universities","Baccalaureate","Special Focus: Arts and Sciences","Special Focus: Arts and Sciences","Small","Highly residential","Master's","Not Classified","Not Classified"
216764,"West Chester University of Pennsylvania","West Chester","Pennsylvania","Public","Professions-focused Undergraduate/Graduate-Doctorate Medium","Lower Access, Medium Earnings","Research 2: High Research Spending and Doctorate Production","Undergraduate/Graduate-Doctorate","Professions-focused","Professions-focused","Medium","Primarily residential","Doctorate","Classified","Not Classified"
229814,"West Texas A & M University","Canyon","Texas","Public","Professions-focused Undergraduate/Graduate-Master's Large/Medium","Higher Access, Medium Earnings","Research Colleges and Universities","Undergraduate/Graduate-Master's","Professions-focused","Special Focus: Business","Medium","Residential","Master's","Not Classified","Not Classified"
237899,"West Virginia State University","Institute","West Virginia","Public","Special Focus: Arts and Sciences","Higher Access, Medium Earnings","Research Colleges and Universities","Baccalaureate","Special Focus: Arts and Sciences","Professions-focused","Medium","Primarily residential","Master's","Not Classified","Not Classified"
238032,"West Virginia University","Morgantown","West Virginia","Public","Mixed Undergraduate/Graduate-Doctorate Large","Lower Access, Medium Earnings","Research 1: Very High Research Spending and Doctorate Production","Undergraduate/Graduate-Doctorate","Mixed","Professions-focused","Large","Primarily residential","Doctorate","Classified","Not Classified"
200004,"Western Carolina University","Cullowhee","North Carolina","Public","Professions-focused Undergraduate/Graduate-Master's Large/Medium","Lower Access, Medium Earnings","Research Colleges and Universities","Undergraduate/Graduate-Master's","Professions-focused","Professions-focused","Medium","Residential","Doctorate","Not Classified","Not Classified"
149772,"Western Illinois University","Macomb","Illinois","Public","Professions-focused Undergraduate/Graduate-Master's Large/Medium","Opportunity Colleges and Universities-Higher Access, Higher Earnings","Research Colleges and Universities","Undergraduate/Graduate-Master's","Professions-focused","Professions-focused","Medium","Highly residential","Master's","Not Classified","Not Classified"
157951,"Western Kentucky University","Bowling Green","Kentucky","Public","Professions-focused Undergraduate/Graduate-Master's Large/Medium","Higher Access, Medium Earnings","Research Colleges and Universities","Undergraduate/Graduate-Master's","Professions-focused","Professions-focused","Medium","Primarily residential","Doctorate","Not Classified","Not Classified"
172699,"Western Michigan University","Kalamazoo","Michigan","Public","Professions-focused Undergraduate/Graduate-Doctorate Large","Lower Access, Medium Earnings","Research 2: High Research Spending and Doctorate Production","Undergraduate/Graduate-Doctorate","Professions-focused","Professions-focused","Large","Primarily residential","Doctorate","Not Classified","Not Classified"
490373,"Western Michigan University Homer Stryker M.D. School of Medicine","Kalamazoo","Michigan","Private not-for-profit","Special Focus: Medical Schools and Centers","Not Classified","Research Colleges and Universities","Graduate-focused","Special Focus: Medical Schools and Centers","Special Focus: Medical Schools and Centers","Very Small","Primarily online","Doctorate","Not Classified","Not Classified"
112525,"Western University of Health Sciences","Pomona","California","Private not-for-profit","Special Focus: Medical Schools and Centers","Not Classified","Research Colleges and Universities","Graduate-focused","Special Focus: Medical Schools and Centers","Special Focus: Medical Schools and Centers","Medium","Graduate-focused","Doctorate","Not Classified","Not Classified"
237011,"Western Washington University","Bellingham","Washington","Public","Mixed Undergraduate/Graduate-Master's Large/Medium","Opportunity Colleges and Universities-Higher Access, Higher Earnings","Research Colleges and Universities","Undergraduate/Graduate-Master's","Mixed","Professions-focused","Medium","Primarily residential","Master's","Not Classified","Not Classified"
156125,"Wichita State University","Wichita","Kansas","Public","Professions-focused Undergraduate/Graduate-Doctorate Medium","Higher Access, Medium Earnings","Research 2: High Research Spending and Doctorate Production","Undergraduate/Graduate-Doctorate","Professions-focused","Professions-focused","Medium","Residential","Doctorate","Not Classified","Not Classified"
231624,"William & Mary","Williamsburg","Virginia","Public","Mixed Undergraduate/Graduate-Doctorate Medium","Lower Access, Higher Earnings","Research 1: Very High Research Spending and Doctorate Production","Undergraduate/Graduate-Doctorate","Mixed","Professions-focused","Medium","Highly residential","Doctorate","Not Classified","Not Classified"
187444,"William Paterson University of New Jersey","Wayne","New Jersey","Public","Mixed Undergraduate/Graduate-Master's Large/Medium","Higher Access, Medium Earnings","Research Colleges and Universities","Undergraduate/Graduate-Master's","Mixed","Professions-focused","Medium","Residential","Master's","Not Classified","Not Classified"
168342,"Williams College","Williamstown","Massachusetts","Private not-for-profit","Special Focus: Arts and Sciences","Lower Access, Higher Earnings","Research Colleges and Universities","Baccalaureate","Special Focus: Arts and Sciences","Special Focus: Arts and Sciences","Small","Highly residential","Bachelor's","Not Classified","Not Classified"
199999,"Winston-Salem State University","Winston-Salem","North Carolina","Public","Professions-focused Baccalaureate Medium","Opportunity Colleges and Universities-Higher Access, Higher Earnings","Research Colleges and Universities","Baccalaureate","Professions-focused","Special Focus: Other Health Professions","Medium","Highly residential","Doctorate","Not Classified","Not Classified"
218964,"Winthrop University","Rock Hill","South Carolina","Public","Mixed Undergraduate/Graduate-Master's Large/Medium","Higher Access, Medium Earnings","Research Colleges and Universities","Undergraduate/Graduate-Master's","Mixed","Professions-focused","Medium","Primarily residential","Master's","Not Classified","Not Classified"
168421,"Worcester Polytechnic Institute","Worcester","Massachusetts","Private not-for-profit","Special Focus: Technology, Engineering, and Sciences","Lower Access, Higher Earnings","Research 1: Very High Research Spending and Doctorate Production","Undergraduate/Graduate-Doctorate","Special Focus: Technology, Engineering, and Sciences","Special Focus: Technology, Engineering, and Sciences","Medium","Primarily residential","Doctorate","Not Classified","Not Classified"
206604,"Wright State University-Main Campus","Dayton","Ohio","Public","Mixed Undergraduate/Graduate-Doctorate Medium","Higher Access, Medium Earnings","Research 2: High Research Spending and Doctorate Production","Undergraduate/Graduate-Doctorate","Mixed","Professions-focused","Medium","Residential","Doctorate","Not Classified","Not Classified"
160904,"Xavier University of Louisiana","New Orleans","Louisiana","Private not-for-profit","Mixed Undergraduate/Graduate-Doctorate Small","Opportunity Colleges and Universities-Higher Access, Higher Earnings","Research Colleges and Universities","Undergraduate/Graduate-Doctorate","Mixed","Special Focus: Other Health Professions","Small","Highly residential","Doctorate","Not Classified","Not Classified"
130794,"Yale University","New Haven","Connecticut","Private not-for-profit","Mixed Undergraduate/Graduate-Doctorate Medium","Lower Access, Higher Earnings","Research 1: Very High Research Spending and Doctorate Production","Undergraduate/Graduate-Doctorate","Mixed","Mixed","Medium","Highly residential","Doctorate","Not Classified","Not Classified"
197708,"Yeshiva University","New York","New York","Private not-for-profit","Mixed Undergraduate/Graduate-Doctorate Medium","Lower Access, Medium Earnings","Research 2: High Research Spending and Doctorate Production","Undergraduate/Graduate-Doctorate","Mixed","Professions-focused","Medium","Highly residential","Doctorate","Not Classified","Not Classified"
206695,"Youngstown State University","Youngstown","Ohio","Public","Professions-focused Undergraduate/Graduate-Doctorate Medium","Lower Access, Medium Earnings","Research Colleges and Universities","Undergraduate/Graduate-Doctorate","Professions-focused","Professions-focused","Medium","Residential","Doctorate","Classified","Not Classified"
